request_id,mol_id,conformer_index,relative_energy_kcal_mol,relative_energy_kj_mol,boltzmann_weight,source_xyz,artifact_uri,artifact_sha256,notes
qreq_03858e05bd7e8b9f,mol_rahzwnyvwxnfoc-uhfffaoysa-n,1,0.0,0.0,1.0,/home/ifs1/myDB/R-PhysGen-DB/data/raw/manual/quantum_pilot_artifacts/qreq_f21d10a38d15d534/xtbopt.xyz,/home/ifs1/myDB/R-PhysGen-DB/data/raw/manual/quantum_phase2_artifacts/crest_conformer/qreq_03858e05bd7e8b9f/qreq_03858e05bd7e8b9f_crest_artifact.tar.gz,d747a0a3d488b1e5eae159cf69f67e840b0c99b818fcc627d403407ca9a75936,phase-2 conformer detail; execution_kind=singleton
qreq_06b2076a27c42be9,mol_mymofizgzyhomd-uhfffaoysa-n,1,0.0,0.0,1.0,/home/ifs1/myDB/R-PhysGen-DB/data/raw/manual/quantum_pilot_artifacts/qreq_a28744f46b82c10c/xtbopt.xyz,/home/ifs1/myDB/R-PhysGen-DB/data/raw/manual/quantum_phase2_artifacts/crest_conformer/qreq_06b2076a27c42be9/qreq_06b2076a27c42be9_crest_artifact.tar.gz,83d4e92c5f28be894f32ed2d376eef8eb4a372cd280850be75c888163f302663,phase-2 conformer detail; execution_kind=singleton
qreq_06e5d359b1fa2937,mol_awtofsdlnreifs-uhfffaoysa-n,1,1.0,4.184,0.0,/home/ifs1/myDB/R-PhysGen-DB/data/raw/manual/quantum_pilot_artifacts/qreq_2d80adc47a5db8a9/xtbopt.xyz,/home/ifs1/myDB/R-PhysGen-DB/data/raw/manual/quantum_phase2_artifacts/crest_conformer/qreq_06e5d359b1fa2937/qreq_06e5d359b1fa2937_crest_artifact.tar.gz,fc1edcd5950b64446fa2b34168bce7e077a41ef4e72438fb00a21f442fbc3ae1,phase-2 conformer detail; execution_kind=crest
qreq_06e5d359b1fa2937,mol_awtofsdlnreifs-uhfffaoysa-n,2,2.0,8.368,0.25,/home/ifs1/myDB/R-PhysGen-DB/data/raw/manual/quantum_pilot_artifacts/qreq_2d80adc47a5db8a9/xtbopt.xyz,/home/ifs1/myDB/R-PhysGen-DB/data/raw/manual/quantum_phase2_artifacts/crest_conformer/qreq_06e5d359b1fa2937/qreq_06e5d359b1fa2937_crest_artifact.tar.gz,fc1edcd5950b64446fa2b34168bce7e077a41ef4e72438fb00a21f442fbc3ae1,phase-2 conformer detail; execution_kind=crest
qreq_06e5d359b1fa2937,mol_awtofsdlnreifs-uhfffaoysa-n,3,3.0,12.552,0.379,/home/ifs1/myDB/R-PhysGen-DB/data/raw/manual/quantum_pilot_artifacts/qreq_2d80adc47a5db8a9/xtbopt.xyz,/home/ifs1/myDB/R-PhysGen-DB/data/raw/manual/quantum_phase2_artifacts/crest_conformer/qreq_06e5d359b1fa2937/qreq_06e5d359b1fa2937_crest_artifact.tar.gz,fc1edcd5950b64446fa2b34168bce7e077a41ef4e72438fb00a21f442fbc3ae1,phase-2 conformer detail; execution_kind=crest
qreq_0bce5469e1dd4365,mol_lvguzgtvoiakkc-uhfffaoysa-n,1,1.0,4.184,0.0,/home/ifs1/myDB/R-PhysGen-DB/data/raw/manual/quantum_pilot_artifacts/qreq_1ae8eb2731515128/xtbopt.xyz,/home/ifs1/myDB/R-PhysGen-DB/data/raw/manual/quantum_phase2_artifacts/crest_conformer/qreq_0bce5469e1dd4365/qreq_0bce5469e1dd4365_crest_artifact.tar.gz,dfc4f227216000a31b6a22383397625dcfa369a929b0102ab1ba3ad007aa368f,phase-2 conformer detail; execution_kind=crest
qreq_1d29fd611bcbb699,mol_qqonpfptgqhpma-uhfffaoysa-n,1,0.0,0.0,1.0,/home/ifs1/myDB/R-PhysGen-DB/data/raw/manual/quantum_pilot_artifacts/qreq_f0a0c8d3203f302e/xtbopt.xyz,/home/ifs1/myDB/R-PhysGen-DB/data/raw/manual/quantum_phase2_artifacts/crest_conformer/qreq_1d29fd611bcbb699/qreq_1d29fd611bcbb699_crest_artifact.tar.gz,a61a3ec47caf3b1aca29704f9a18a5a98dd25102485f724263cbc132e98a04dc,phase-2 conformer detail; execution_kind=singleton
qreq_1ef6178dc2820d8d,mol_ijgrmhoshxdmsa-uhfffaoysa-n,1,0.0,0.0,1.0,/home/ifs1/myDB/R-PhysGen-DB/data/raw/manual/quantum_pilot_artifacts/qreq_2bb701254a8634bc/xtbopt.xyz,/home/ifs1/myDB/R-PhysGen-DB/data/raw/manual/quantum_phase2_artifacts/crest_conformer/qreq_1ef6178dc2820d8d/qreq_1ef6178dc2820d8d_crest_artifact.tar.gz,e98eeb8f67fd3a03ef5ff9933b9b4f291073d7a53f4426552ef2265004c56f8b,phase-2 conformer detail; execution_kind=singleton
qreq_225db092f406a471,mol_pxbrqckwgahehs-uhfffaoysa-n,1,0.0,0.0,1.0,/home/ifs1/myDB/R-PhysGen-DB/data/raw/manual/quantum_pilot_artifacts/qreq_397c558e01398e9a/xtbopt.xyz,/home/ifs1/myDB/R-PhysGen-DB/data/raw/manual/quantum_phase2_artifacts/crest_conformer/qreq_225db092f406a471/qreq_225db092f406a471_crest_artifact.tar.gz,a3992fcf064b68e8a925ed00c64c0bb1820ac7c9c00533b72aa75089237df87c,phase-2 conformer detail; execution_kind=singleton
qreq_251c9878e1fc4295,mol_fdmfuzhcirhgrg-uhfffaoysa-n,1,1.0,4.184,0.0,/home/ifs1/myDB/R-PhysGen-DB/data/raw/manual/quantum_pilot_artifacts/qreq_23819a123f66e55b/xtbopt.xyz,/home/ifs1/myDB/R-PhysGen-DB/data/raw/manual/quantum_phase2_artifacts/crest_conformer/qreq_251c9878e1fc4295/qreq_251c9878e1fc4295_crest_artifact.tar.gz,5a38b778adc3135b3c492edadcba9080262ac1bc4cbfc7bee4697ba00b87df4c,phase-2 conformer detail; execution_kind=crest
qreq_251c9878e1fc4295,mol_fdmfuzhcirhgrg-uhfffaoysa-n,2,2.0,8.368,0.526,/home/ifs1/myDB/R-PhysGen-DB/data/raw/manual/quantum_pilot_artifacts/qreq_23819a123f66e55b/xtbopt.xyz,/home/ifs1/myDB/R-PhysGen-DB/data/raw/manual/quantum_phase2_artifacts/crest_conformer/qreq_251c9878e1fc4295/qreq_251c9878e1fc4295_crest_artifact.tar.gz,5a38b778adc3135b3c492edadcba9080262ac1bc4cbfc7bee4697ba00b87df4c,phase-2 conformer detail; execution_kind=crest
qreq_29fba20316b7c5b9,mol_frchksnazzfgca-uhfffaoysa-n,1,0.0,0.0,1.0,/home/ifs1/myDB/R-PhysGen-DB/data/raw/manual/quantum_pilot_artifacts/qreq_fe09f64af63b93d0/xtbopt.xyz,/home/ifs1/myDB/R-PhysGen-DB/data/raw/manual/quantum_phase2_artifacts/crest_conformer/qreq_29fba20316b7c5b9/qreq_29fba20316b7c5b9_crest_artifact.tar.gz,3ef300a614aa0e5630e62d39dbce4ee70e8e50a892d32f97015dcf2a6dd69b94,phase-2 conformer detail; execution_kind=singleton
qreq_30813c4b3ffc992b,mol_vnwktokethgbqd-uhfffaoysa-n,1,0.0,0.0,1.0,/home/ifs1/myDB/R-PhysGen-DB/data/raw/manual/quantum_pilot_artifacts/qreq_4bc62fd46818553d/xtbopt.xyz,/home/ifs1/myDB/R-PhysGen-DB/data/raw/manual/quantum_phase2_artifacts/crest_conformer/qreq_30813c4b3ffc992b/qreq_30813c4b3ffc992b_crest_artifact.tar.gz,e7e414e76b4eeee7e9a6332d1ac48a805b3c62fdc4bb9f3f8d6568b341863606,phase-2 conformer detail; execution_kind=singleton
qreq_34aac6735bed5d08,mol_curltugmzlyldi-uhfffaoysa-n,1,0.0,0.0,1.0,/home/ifs1/myDB/R-PhysGen-DB/data/raw/manual/quantum_pilot_artifacts/qreq_f5d93b2299966701/xtbopt.xyz,/home/ifs1/myDB/R-PhysGen-DB/data/raw/manual/quantum_phase2_artifacts/crest_conformer/qreq_34aac6735bed5d08/qreq_34aac6735bed5d08_crest_artifact.tar.gz,7b96ae08df3365fdfa4fdbbbbfb2aefa586d502913dfb6394ecdcae8a65994ba,phase-2 conformer detail; execution_kind=singleton
qreq_37fc7bbfd7f4c13a,mol_wzlfpvprzgtckp-uhfffaoysa-n,1,1.0,4.184,0.8202625594033195,/home/ifs1/myDB/R-PhysGen-DB/data/raw/manual/quantum_pilot_artifacts/qreq_258ae6cf1f745439/xtbopt.xyz,/home/ifs1/myDB/R-PhysGen-DB/data/raw/manual/quantum_phase2_artifacts/crest_conformer/qreq_37fc7bbfd7f4c13a/qreq_37fc7bbfd7f4c13a_crest_artifact.tar.gz,0e426db518099c9824c970e7cd4c4bbebef5e1641a173512f41833c691f8c35e,phase-2 conformer detail; execution_kind=crest
qreq_37fc7bbfd7f4c13a,mol_wzlfpvprzgtckp-uhfffaoysa-n,2,2.0,8.368,0.15168680440934168,/home/ifs1/myDB/R-PhysGen-DB/data/raw/manual/quantum_pilot_artifacts/qreq_258ae6cf1f745439/xtbopt.xyz,/home/ifs1/myDB/R-PhysGen-DB/data/raw/manual/quantum_phase2_artifacts/crest_conformer/qreq_37fc7bbfd7f4c13a/qreq_37fc7bbfd7f4c13a_crest_artifact.tar.gz,0e426db518099c9824c970e7cd4c4bbebef5e1641a173512f41833c691f8c35e,phase-2 conformer detail; execution_kind=crest
qreq_37fc7bbfd7f4c13a,mol_wzlfpvprzgtckp-uhfffaoysa-n,3,3.0,12.552,0.028050636187338766,/home/ifs1/myDB/R-PhysGen-DB/data/raw/manual/quantum_pilot_artifacts/qreq_258ae6cf1f745439/xtbopt.xyz,/home/ifs1/myDB/R-PhysGen-DB/data/raw/manual/quantum_phase2_artifacts/crest_conformer/qreq_37fc7bbfd7f4c13a/qreq_37fc7bbfd7f4c13a_crest_artifact.tar.gz,0e426db518099c9824c970e7cd4c4bbebef5e1641a173512f41833c691f8c35e,phase-2 conformer detail; execution_kind=crest
qreq_3b26fee83ed7b562,mol_rfcauadvodfslz-uhfffaoysa-n,1,1.0,4.184,0.0,/home/ifs1/myDB/R-PhysGen-DB/data/raw/manual/quantum_pilot_artifacts/qreq_68755da2689d9b0c/xtbopt.xyz,/home/ifs1/myDB/R-PhysGen-DB/data/raw/manual/quantum_phase2_artifacts/crest_conformer/qreq_3b26fee83ed7b562/qreq_3b26fee83ed7b562_crest_artifact.tar.gz,9e4d95754a6afa1ed13044a3b21a585702e6b651493d4fa79330fd2cbadfeada,phase-2 conformer detail; execution_kind=crest
qreq_405ffe4772cc82ad,mol_bougcjdaqlkbqh-uhfffaoysa-n,1,1.0,4.184,0.0,/home/ifs1/myDB/R-PhysGen-DB/data/raw/manual/quantum_pilot_artifacts/qreq_4ee26b6711da2d43/xtbopt.xyz,/home/ifs1/myDB/R-PhysGen-DB/data/raw/manual/quantum_phase2_artifacts/crest_conformer/qreq_405ffe4772cc82ad/qreq_405ffe4772cc82ad_crest_artifact.tar.gz,6727f74f1499b5aa8153ac867ad61b6479b027a1c415b3e5c0a6e15a8e607698,phase-2 conformer detail; execution_kind=crest
qreq_425504e28870e067,mol_ohmhbgpwchtmqe-uhfffaoysa-n,1,1.0,4.184,0.0,/home/ifs1/myDB/R-PhysGen-DB/data/raw/manual/quantum_pilot_artifacts/qreq_9d4e941dbcba43dd/xtbopt.xyz,/home/ifs1/myDB/R-PhysGen-DB/data/raw/manual/quantum_phase2_artifacts/crest_conformer/qreq_425504e28870e067/qreq_425504e28870e067_crest_artifact.tar.gz,2954dc361caab7df3dae22dc99ce1512817e17dd9883cf67ba1f96920a47dd8a,phase-2 conformer detail; execution_kind=crest
qreq_464b90228442c085,mol_ujpmyeoubpiphq-uhfffaoysa-n,1,0.0,0.0,1.0,/home/ifs1/myDB/R-PhysGen-DB/data/raw/manual/quantum_pilot_artifacts/qreq_e09229e346337824/xtbopt.xyz,/home/ifs1/myDB/R-PhysGen-DB/data/raw/manual/quantum_phase2_artifacts/crest_conformer/qreq_464b90228442c085/qreq_464b90228442c085_crest_artifact.tar.gz,50902c8598184cf3b0fcbb967c90934e1c05e0211a0ff85a11e93c733126aed3,phase-2 conformer detail; execution_kind=singleton
qreq_4ffe97fe0d07ec58,mol_bamuexipksrtbs-uhfffaoysa-n,1,1.0,4.184,0.0,/home/ifs1/myDB/R-PhysGen-DB/data/raw/manual/quantum_pilot_artifacts/qreq_6e1ff27ce6594a76/xtbopt.xyz,/home/ifs1/myDB/R-PhysGen-DB/data/raw/manual/quantum_phase2_artifacts/crest_conformer/qreq_4ffe97fe0d07ec58/qreq_4ffe97fe0d07ec58_crest_artifact.tar.gz,8e87a8830f14d1a03c7b4c8e2835adb1a4d2f28f476165ef62ca86adf1cf453b,phase-2 conformer detail; execution_kind=crest
qreq_56fcc81471bfbd02,mol_qgzkdvfqnngyky-uhfffaoysa-n,1,0.0,0.0,1.0,/home/ifs1/myDB/R-PhysGen-DB/data/raw/manual/quantum_pilot_artifacts/qreq_4285e60aee658f6d/xtbopt.xyz,/home/ifs1/myDB/R-PhysGen-DB/data/raw/manual/quantum_phase2_artifacts/crest_conformer/qreq_56fcc81471bfbd02/qreq_56fcc81471bfbd02_crest_artifact.tar.gz,f0620c6a9883ef4a0096fa3840cc266dee485f0886bc54532b842a9405229417,phase-2 conformer detail; execution_kind=singleton
qreq_5840274087c52641,mol_afypfacvudmoha-uhfffaoysa-n,1,0.0,0.0,1.0,/home/ifs1/myDB/R-PhysGen-DB/data/raw/manual/quantum_pilot_artifacts/qreq_1964224e3114dee7/xtbopt.xyz,/home/ifs1/myDB/R-PhysGen-DB/data/raw/manual/quantum_phase2_artifacts/crest_conformer/qreq_5840274087c52641/qreq_5840274087c52641_crest_artifact.tar.gz,bee3330e002a805f2887be6aed6ebc4cf1ff0ae79b3ad07b2b2f6a330320eaae,phase-2 conformer detail; execution_kind=singleton
qreq_591d26ed40c249bc,mol_xlyofnoqvpjjnp-uhfffaoysa-n,1,0.0,0.0,1.0,/home/ifs1/myDB/R-PhysGen-DB/data/raw/manual/quantum_pilot_artifacts/qreq_3eb0bfdad3405c1f/xtbopt.xyz,/home/ifs1/myDB/R-PhysGen-DB/data/raw/manual/quantum_phase2_artifacts/crest_conformer/qreq_591d26ed40c249bc/qreq_591d26ed40c249bc_crest_artifact.tar.gz,b752ebcdf1767baaa7372bfa392a398f5091cadf9b3b1c5d61ca732a60f8b576,phase-2 conformer detail; execution_kind=singleton
qreq_5d3bb6dad8b425c6,mol_fxrlmcrcydhqfw-uhfffaoysa-n,1,1.0,4.184,0.0,/home/ifs1/myDB/R-PhysGen-DB/data/raw/manual/quantum_pilot_artifacts/qreq_3006c4a85e074cd4/xtbopt.xyz,/home/ifs1/myDB/R-PhysGen-DB/data/raw/manual/quantum_phase2_artifacts/crest_conformer/qreq_5d3bb6dad8b425c6/qreq_5d3bb6dad8b425c6_crest_artifact.tar.gz,9eed144806c9e6767e1da2b2f237c2990c462c04303c2f2e35f0a03f73cf162d,phase-2 conformer detail; execution_kind=crest
qreq_5e3935d0737801c8,mol_ldtmpqqawumpks-owojbtedsa-n,1,1.0,4.184,0.0,/home/ifs1/myDB/R-PhysGen-DB/data/raw/manual/quantum_pilot_artifacts/qreq_812f8780c08c6013/xtbopt.xyz,/home/ifs1/myDB/R-PhysGen-DB/data/raw/manual/quantum_phase2_artifacts/crest_conformer/qreq_5e3935d0737801c8/qreq_5e3935d0737801c8_crest_artifact.tar.gz,2c1ff3d6cf68f042d76452a43cc3286e116ec6ce56fed34c6e62e639abea7c45,phase-2 conformer detail; execution_kind=crest
qreq_5e97fa2fbee7740f,mol_gtlacdsxyulkmz-uhfffaoysa-n,1,1.0,4.184,0.0,/home/ifs1/myDB/R-PhysGen-DB/data/raw/manual/quantum_pilot_artifacts/qreq_b1b84ff6c1ce26fd/xtbopt.xyz,/home/ifs1/myDB/R-PhysGen-DB/data/raw/manual/quantum_phase2_artifacts/crest_conformer/qreq_5e97fa2fbee7740f/qreq_5e97fa2fbee7740f_crest_artifact.tar.gz,1ad1984fce949b948ff54d2851960f6affff358c3ceaf7a52869700a8018f54e,phase-2 conformer detail; execution_kind=crest
qreq_5ea53ba452d5edda,mol_umnkxpulidjlsu-uhfffaoysa-n,1,0.0,0.0,1.0,/home/ifs1/myDB/R-PhysGen-DB/data/raw/manual/quantum_pilot_artifacts/qreq_fc864a777b886ebe/xtbopt.xyz,/home/ifs1/myDB/R-PhysGen-DB/data/raw/manual/quantum_phase2_artifacts/crest_conformer/qreq_5ea53ba452d5edda/qreq_5ea53ba452d5edda_crest_artifact.tar.gz,75133134e23894e0e8b945e41728b87c80a8e6133a75ec38a02458987346dc72,phase-2 conformer detail; execution_kind=singleton
qreq_5fed1e5e000292ea,mol_cyrmsutzvyginf-uhfffaoysa-n,1,0.0,0.0,1.0,/home/ifs1/myDB/R-PhysGen-DB/data/raw/manual/quantum_pilot_artifacts/qreq_451af86f453b04fb/xtbopt.xyz,/home/ifs1/myDB/R-PhysGen-DB/data/raw/manual/quantum_phase2_artifacts/crest_conformer/qreq_5fed1e5e000292ea/qreq_5fed1e5e000292ea_crest_artifact.tar.gz,5da224d2eaca44e6abbbe585507770dee0780826b4433db03ba21c3db7f2767b,phase-2 conformer detail; execution_kind=singleton
qreq_636bcce88051bba5,mol_bqcidusakpweox-uhfffaoysa-n,1,0.0,0.0,1.0,/home/ifs1/myDB/R-PhysGen-DB/data/raw/manual/quantum_pilot_artifacts/qreq_acfee86277c25738/xtbopt.xyz,/home/ifs1/myDB/R-PhysGen-DB/data/raw/manual/quantum_phase2_artifacts/crest_conformer/qreq_636bcce88051bba5/qreq_636bcce88051bba5_crest_artifact.tar.gz,dad27da3b7b0cf236f4b8abf7b5afb25792ab9bddaa428faf256e97a505693c2,phase-2 conformer detail; execution_kind=singleton
qreq_6429ceaeef89bc39,mol_gkaogpiiycishv-uhfffaoysa-n,1,0.0,0.0,1.0,/home/ifs1/myDB/R-PhysGen-DB/data/raw/manual/quantum_pilot_artifacts/qreq_195360bfb8d39ca5/xtbopt.xyz,/home/ifs1/myDB/R-PhysGen-DB/data/raw/manual/quantum_phase2_artifacts/crest_conformer/qreq_6429ceaeef89bc39/qreq_6429ceaeef89bc39_crest_artifact.tar.gz,9ffd0fe482f837781972da4e09229295561085ac4c1a8b71bf6e23999125521f,phase-2 conformer detail; execution_kind=singleton
qreq_6b5d8c603c36a18e,mol_nlolsxyrjfeota-owojbtedsa-n,1,1.0,4.184,0.0,/home/ifs1/myDB/R-PhysGen-DB/data/raw/manual/quantum_pilot_artifacts/qreq_768a92016b55750f/xtbopt.xyz,/home/ifs1/myDB/R-PhysGen-DB/data/raw/manual/quantum_phase2_artifacts/crest_conformer/qreq_6b5d8c603c36a18e/qreq_6b5d8c603c36a18e_crest_artifact.tar.gz,7678a1bcab73466be482200db14a296b254aac08cbe55ebee6137a11d5b15be2,phase-2 conformer detail; execution_kind=crest
qreq_77f1ce4c2c53e245,mol_ddmousalmhhkos-uhfffaoysa-n,1,1.0,4.184,0.0,/home/ifs1/myDB/R-PhysGen-DB/data/raw/manual/quantum_pilot_artifacts/qreq_85214fd0f9939535/xtbopt.xyz,/home/ifs1/myDB/R-PhysGen-DB/data/raw/manual/quantum_phase2_artifacts/crest_conformer/qreq_77f1ce4c2c53e245/qreq_77f1ce4c2c53e245_crest_artifact.tar.gz,d2f4eb82b881bb4a4f4d5433ce9fe0d33d724e7b40b79701b6816e54e1c13322,phase-2 conformer detail; execution_kind=crest
qreq_77f1ce4c2c53e245,mol_ddmousalmhhkos-uhfffaoysa-n,2,2.0,8.368,0.191,/home/ifs1/myDB/R-PhysGen-DB/data/raw/manual/quantum_pilot_artifacts/qreq_85214fd0f9939535/xtbopt.xyz,/home/ifs1/myDB/R-PhysGen-DB/data/raw/manual/quantum_phase2_artifacts/crest_conformer/qreq_77f1ce4c2c53e245/qreq_77f1ce4c2c53e245_crest_artifact.tar.gz,d2f4eb82b881bb4a4f4d5433ce9fe0d33d724e7b40b79701b6816e54e1c13322,phase-2 conformer detail; execution_kind=crest
qreq_7b1c4d54c99e1daa,mol_swqjxjoglnczey-uhfffaoysa-n,1,0.0,0.0,1.0,/home/ifs1/myDB/R-PhysGen-DB/data/raw/manual/quantum_pilot_artifacts/qreq_10785462c7c9d313/xtbopt.xyz,/home/ifs1/myDB/R-PhysGen-DB/data/raw/manual/quantum_phase2_artifacts/crest_conformer/qreq_7b1c4d54c99e1daa/qreq_7b1c4d54c99e1daa_crest_artifact.tar.gz,57931b70d4d0bd128f3d6426df1f9890bdd48cd87a72eb343386bbafc10f4f9f,phase-2 conformer detail; execution_kind=singleton
qreq_85738160a2c5ecef,mol_bhnzezwiumjcgf-uhfffaoysa-n,1,0.0,0.0,1.0,/home/ifs1/myDB/R-PhysGen-DB/data/raw/manual/quantum_pilot_artifacts/qreq_bdd4b63895efcf43/xtbopt.xyz,/home/ifs1/myDB/R-PhysGen-DB/data/raw/manual/quantum_phase2_artifacts/crest_conformer/qreq_85738160a2c5ecef/qreq_85738160a2c5ecef_crest_artifact.tar.gz,2df9c6d2f3cc63aecfb76fb6af611235ce8a4dfbac6e3079c3ef98bf30cca5df,phase-2 conformer detail; execution_kind=singleton
qreq_85e6606f9c296b66,mol_uhcbbwuqdavsms-uhfffaoysa-n,1,0.0,0.0,1.0,/home/ifs1/myDB/R-PhysGen-DB/data/raw/manual/quantum_pilot_artifacts/qreq_3692175366022297/xtbopt.xyz,/home/ifs1/myDB/R-PhysGen-DB/data/raw/manual/quantum_phase2_artifacts/crest_conformer/qreq_85e6606f9c296b66/qreq_85e6606f9c296b66_crest_artifact.tar.gz,02ce392ebb709bca180f77bde3c1f8adb12af48d0a61c2c736bd368b26b2f0b5,phase-2 conformer detail; execution_kind=singleton
qreq_87b6209f4b1e5089,mol_mssnhsvigihoja-uhfffaoysa-n,1,1.0,4.184,0.8202625594033195,/home/ifs1/myDB/R-PhysGen-DB/data/raw/manual/quantum_pilot_artifacts/qreq_2468622b8566b7a8/xtbopt.xyz,/home/ifs1/myDB/R-PhysGen-DB/data/raw/manual/quantum_phase2_artifacts/crest_conformer/qreq_87b6209f4b1e5089/qreq_87b6209f4b1e5089_crest_artifact.tar.gz,65298809251468dfbbc1618a20e45153cf2f48bf8ff9bf99988458735a1ad2aa,phase-2 conformer detail; execution_kind=crest
qreq_87b6209f4b1e5089,mol_mssnhsvigihoja-uhfffaoysa-n,2,2.0,8.368,0.15168680440934168,/home/ifs1/myDB/R-PhysGen-DB/data/raw/manual/quantum_pilot_artifacts/qreq_2468622b8566b7a8/xtbopt.xyz,/home/ifs1/myDB/R-PhysGen-DB/data/raw/manual/quantum_phase2_artifacts/crest_conformer/qreq_87b6209f4b1e5089/qreq_87b6209f4b1e5089_crest_artifact.tar.gz,65298809251468dfbbc1618a20e45153cf2f48bf8ff9bf99988458735a1ad2aa,phase-2 conformer detail; execution_kind=crest
qreq_87b6209f4b1e5089,mol_mssnhsvigihoja-uhfffaoysa-n,3,3.0,12.552,0.028050636187338766,/home/ifs1/myDB/R-PhysGen-DB/data/raw/manual/quantum_pilot_artifacts/qreq_2468622b8566b7a8/xtbopt.xyz,/home/ifs1/myDB/R-PhysGen-DB/data/raw/manual/quantum_phase2_artifacts/crest_conformer/qreq_87b6209f4b1e5089/qreq_87b6209f4b1e5089_crest_artifact.tar.gz,65298809251468dfbbc1618a20e45153cf2f48bf8ff9bf99988458735a1ad2aa,phase-2 conformer detail; execution_kind=crest
qreq_8b49fa6eb9bb302e,mol_vopwnxzwbydodv-uhfffaoysa-n,1,0.0,0.0,1.0,/home/ifs1/myDB/R-PhysGen-DB/data/raw/manual/quantum_pilot_artifacts/qreq_42936f2e8d47f97e/xtbopt.xyz,/home/ifs1/myDB/R-PhysGen-DB/data/raw/manual/quantum_phase2_artifacts/crest_conformer/qreq_8b49fa6eb9bb302e/qreq_8b49fa6eb9bb302e_crest_artifact.tar.gz,e7c1dc17ae0578ebea85545b1c5f60d796d824c450793af128dbe9ed80290adb,phase-2 conformer detail; execution_kind=singleton
qreq_90b5e029fa9a213b,mol_nsgxibwmjzwtpy-uhfffaoysa-n,1,1.0,4.184,0.8439354867065084,/home/ifs1/myDB/R-PhysGen-DB/data/raw/manual/quantum_pilot_artifacts/qreq_7dedcb23dc4b48ce/xtbopt.xyz,/home/ifs1/myDB/R-PhysGen-DB/data/raw/manual/quantum_phase2_artifacts/crest_conformer/qreq_90b5e029fa9a213b/qreq_90b5e029fa9a213b_crest_artifact.tar.gz,58b739e31452bad4c2e9d389168b6fc411f5000f6f8450d87bce66c418b880a2,phase-2 conformer detail; execution_kind=crest
qreq_90b5e029fa9a213b,mol_nsgxibwmjzwtpy-uhfffaoysa-n,2,2.0,8.368,0.1560645132934915,/home/ifs1/myDB/R-PhysGen-DB/data/raw/manual/quantum_pilot_artifacts/qreq_7dedcb23dc4b48ce/xtbopt.xyz,/home/ifs1/myDB/R-PhysGen-DB/data/raw/manual/quantum_phase2_artifacts/crest_conformer/qreq_90b5e029fa9a213b/qreq_90b5e029fa9a213b_crest_artifact.tar.gz,58b739e31452bad4c2e9d389168b6fc411f5000f6f8450d87bce66c418b880a2,phase-2 conformer detail; execution_kind=crest
qreq_9206ab3ac40c404a,mol_rwriwbaiicgttq-uhfffaoysa-n,1,0.0,0.0,1.0,/home/ifs1/myDB/R-PhysGen-DB/data/raw/manual/quantum_pilot_artifacts/qreq_1721dd29a5f82ba7/xtbopt.xyz,/home/ifs1/myDB/R-PhysGen-DB/data/raw/manual/quantum_phase2_artifacts/crest_conformer/qreq_9206ab3ac40c404a/qreq_9206ab3ac40c404a_crest_artifact.tar.gz,0786bdbc2e815e41cdd02401aa114aa53fc75203c92ba5c01e84b6fd9d624823,phase-2 conformer detail; execution_kind=singleton
qreq_927eb349d5bb6685,mol_vggsqfucumxweo-uhfffaoysa-n,1,0.0,0.0,1.0,/home/ifs1/myDB/R-PhysGen-DB/data/raw/manual/quantum_pilot_artifacts/qreq_76295c8587ab7ca3/xtbopt.xyz,/home/ifs1/myDB/R-PhysGen-DB/data/raw/manual/quantum_phase2_artifacts/crest_conformer/qreq_927eb349d5bb6685/qreq_927eb349d5bb6685_crest_artifact.tar.gz,6a2544e8839a25da8341f62a08e5eb80bcdb2c45395ed40747fcbd9194c28071,phase-2 conformer detail; execution_kind=singleton
qreq_9c990ef03f8b9eb7,mol_gqplmrytrlflpf-uhfffaoysa-n,1,0.0,0.0,1.0,/home/ifs1/myDB/R-PhysGen-DB/data/raw/manual/quantum_pilot_artifacts/qreq_a0882ffcd89786cb/xtbopt.xyz,/home/ifs1/myDB/R-PhysGen-DB/data/raw/manual/quantum_phase2_artifacts/crest_conformer/qreq_9c990ef03f8b9eb7/qreq_9c990ef03f8b9eb7_crest_artifact.tar.gz,3cecdc42c9f87e9edf23d6356738771eb992aef233aedde5382ed2a5c9416d13,phase-2 conformer detail; execution_kind=singleton
qreq_9e3b8582f9a6dbac,mol_atuoywhbwrkthz-uhfffaoysa-n,1,0.0,0.0,1.0,/home/ifs1/myDB/R-PhysGen-DB/data/raw/manual/quantum_pilot_artifacts/qreq_3fc552e219566122/xtbopt.xyz,/home/ifs1/myDB/R-PhysGen-DB/data/raw/manual/quantum_phase2_artifacts/crest_conformer/qreq_9e3b8582f9a6dbac/qreq_9e3b8582f9a6dbac_crest_artifact.tar.gz,923aea8b74e54044881c05219ce0d9fb746343f8697c5ca0b856e3312a89e277,phase-2 conformer detail; execution_kind=singleton
qreq_9fc310f2d67dfff3,mol_xkrfyhlgvusroy-uhfffaoysa-n,1,0.0,0.0,1.0,/home/ifs1/myDB/R-PhysGen-DB/data/raw/manual/quantum_pilot_artifacts/qreq_30477401480e461b/xtbopt.xyz,/home/ifs1/myDB/R-PhysGen-DB/data/raw/manual/quantum_phase2_artifacts/crest_conformer/qreq_9fc310f2d67dfff3/qreq_9fc310f2d67dfff3_crest_artifact.tar.gz,70d4a8e67f1bd6ce169d6d4b7a024199b1480bc4a162ad73a8a1915b532e7e3c,phase-2 conformer detail; execution_kind=singleton
qreq_a2537693d28460a4,mol_nnppmtnajdcuhe-uhfffaoysa-n,1,0.0,0.0,1.0,/home/ifs1/myDB/R-PhysGen-DB/data/raw/manual/quantum_pilot_artifacts/qreq_4a7c35fb99f5cd54/xtbopt.xyz,/home/ifs1/myDB/R-PhysGen-DB/data/raw/manual/quantum_phase2_artifacts/crest_conformer/qreq_a2537693d28460a4/qreq_a2537693d28460a4_crest_artifact.tar.gz,de0d56801a50b1926dd96c5971ef84762c5c40052089cd9e803f1a5e2c33eb82,phase-2 conformer detail; execution_kind=singleton
qreq_aa716ffc98a58acb,mol_vpayjeuhkvessd-uhfffaoysa-n,1,0.0,0.0,1.0,/home/ifs1/myDB/R-PhysGen-DB/data/raw/manual/quantum_pilot_artifacts/qreq_023fc363a5eed1d7/xtbopt.xyz,/home/ifs1/myDB/R-PhysGen-DB/data/raw/manual/quantum_phase2_artifacts/crest_conformer/qreq_aa716ffc98a58acb/qreq_aa716ffc98a58acb_crest_artifact.tar.gz,70834880366d9fb7955e051e606b61d3ee405e829a2166412aa5a4f0bba4c900,phase-2 conformer detail; execution_kind=singleton
qreq_ae11441f5ca64291,mol_nehmkbqyuwjmip-uhfffaoysa-n,1,0.0,0.0,1.0,/home/ifs1/myDB/R-PhysGen-DB/data/raw/manual/quantum_pilot_artifacts/qreq_995eb861bf73a8d0/xtbopt.xyz,/home/ifs1/myDB/R-PhysGen-DB/data/raw/manual/quantum_phase2_artifacts/crest_conformer/qreq_ae11441f5ca64291/qreq_ae11441f5ca64291_crest_artifact.tar.gz,fe65dbe4723ff439233d5e22683f7a49a944922e488a6a70bbaec789af3508f2,phase-2 conformer detail; execution_kind=singleton
qreq_b62dd364bb53b0e8,mol_xpdwgbqvdmorpb-uhfffaoysa-n,1,0.0,0.0,1.0,/home/ifs1/myDB/R-PhysGen-DB/data/raw/manual/quantum_pilot_artifacts/qreq_95d9aae33b95135b/xtbopt.xyz,/home/ifs1/myDB/R-PhysGen-DB/data/raw/manual/quantum_phase2_artifacts/crest_conformer/qreq_b62dd364bb53b0e8/qreq_b62dd364bb53b0e8_crest_artifact.tar.gz,ba5c3aa6405e6f74a5aca2ccc1f4cdc11da18fe353e5140ab2327c70097c7858,phase-2 conformer detail; execution_kind=singleton
qreq_bc64cfc8d13d3613,mol_nbvxsuqywxrmnv-uhfffaoysa-n,1,0.0,0.0,1.0,/home/ifs1/myDB/R-PhysGen-DB/data/raw/manual/quantum_pilot_artifacts/qreq_2968e9ed041dc5df/xtbopt.xyz,/home/ifs1/myDB/R-PhysGen-DB/data/raw/manual/quantum_phase2_artifacts/crest_conformer/qreq_bc64cfc8d13d3613/qreq_bc64cfc8d13d3613_crest_artifact.tar.gz,6b0391584f9ffb1e33335339db4d52ae4e4a91dca925a0dae7720a00cdfe3988,phase-2 conformer detail; execution_kind=singleton
qreq_be1f77133f70ff0a,mol_ahfmsndoycfeph-uhfffaoysa-n,1,0.0,0.0,1.0,/home/ifs1/myDB/R-PhysGen-DB/data/raw/manual/quantum_pilot_artifacts/qreq_a593766a9030d410/xtbopt.xyz,/home/ifs1/myDB/R-PhysGen-DB/data/raw/manual/quantum_phase2_artifacts/crest_conformer/qreq_be1f77133f70ff0a/qreq_be1f77133f70ff0a_crest_artifact.tar.gz,e963d8a7f7940d67baad8c324ee7a4a35be6cf1dae4da6d6d949ed4e78189e38,phase-2 conformer detail; execution_kind=singleton
qreq_bf299fde55b07754,mol_npnpztnlovbdoc-uhfffaoysa-n,1,0.0,0.0,1.0,/home/ifs1/myDB/R-PhysGen-DB/data/raw/manual/quantum_pilot_artifacts/qreq_c4e956b4882b3da9/xtbopt.xyz,/home/ifs1/myDB/R-PhysGen-DB/data/raw/manual/quantum_phase2_artifacts/crest_conformer/qreq_bf299fde55b07754/qreq_bf299fde55b07754_crest_artifact.tar.gz,f3718c09ea05e7f67434b4e7fd2e028b9e6be617fd209812b3230b6613b41bee,phase-2 conformer detail; execution_kind=singleton
qreq_d00f9fcb59b21ef2,mol_ajdizqlsfpqpey-uhfffaoysa-n,1,1.0,4.184,0.0,/home/ifs1/myDB/R-PhysGen-DB/data/raw/manual/quantum_pilot_artifacts/qreq_dabbbe00062d590c/xtbopt.xyz,/home/ifs1/myDB/R-PhysGen-DB/data/raw/manual/quantum_phase2_artifacts/crest_conformer/qreq_d00f9fcb59b21ef2/qreq_d00f9fcb59b21ef2_crest_artifact.tar.gz,e8dbed521df151191a2a8b7fe2945173b927881c204a46bf82b660de7ad45a09,phase-2 conformer detail; execution_kind=crest
qreq_d00f9fcb59b21ef2,mol_ajdizqlsfpqpey-uhfffaoysa-n,2,2.0,8.368,0.139,/home/ifs1/myDB/R-PhysGen-DB/data/raw/manual/quantum_pilot_artifacts/qreq_dabbbe00062d590c/xtbopt.xyz,/home/ifs1/myDB/R-PhysGen-DB/data/raw/manual/quantum_phase2_artifacts/crest_conformer/qreq_d00f9fcb59b21ef2/qreq_d00f9fcb59b21ef2_crest_artifact.tar.gz,e8dbed521df151191a2a8b7fe2945173b927881c204a46bf82b660de7ad45a09,phase-2 conformer detail; execution_kind=crest
qreq_d2ca21ff91dad097,mol_cdooaushhfgwsa-uphrsurjsa-n,1,1.0,4.184,0.0,/home/ifs1/myDB/R-PhysGen-DB/data/raw/manual/quantum_pilot_artifacts/qreq_6a73f82efdc1e941/xtbopt.xyz,/home/ifs1/myDB/R-PhysGen-DB/data/raw/manual/quantum_phase2_artifacts/crest_conformer/qreq_d2ca21ff91dad097/qreq_d2ca21ff91dad097_crest_artifact.tar.gz,40b38d612db96e115cac31acac7bbf769c31128d4c993105a85bc07b4f410005,phase-2 conformer detail; execution_kind=crest
qreq_d2ca21ff91dad097,mol_cdooaushhfgwsa-uphrsurjsa-n,2,2.0,8.368,0.236,/home/ifs1/myDB/R-PhysGen-DB/data/raw/manual/quantum_pilot_artifacts/qreq_6a73f82efdc1e941/xtbopt.xyz,/home/ifs1/myDB/R-PhysGen-DB/data/raw/manual/quantum_phase2_artifacts/crest_conformer/qreq_d2ca21ff91dad097/qreq_d2ca21ff91dad097_crest_artifact.tar.gz,40b38d612db96e115cac31acac7bbf769c31128d4c993105a85bc07b4f410005,phase-2 conformer detail; execution_kind=crest
qreq_d4916ca41bdaba89,mol_cdooaushhfgwsa-owojbtedsa-n,1,1.0,4.184,0.0,/home/ifs1/myDB/R-PhysGen-DB/data/raw/manual/quantum_pilot_artifacts/qreq_5716a6e5f61b2163/xtbopt.xyz,/home/ifs1/myDB/R-PhysGen-DB/data/raw/manual/quantum_phase2_artifacts/crest_conformer/qreq_d4916ca41bdaba89/qreq_d4916ca41bdaba89_crest_artifact.tar.gz,2c55bdf618865c4fd3cf2ee5c893e49f3d9412064015a6bfc641ceac3eafd7ab,phase-2 conformer detail; execution_kind=crest
qreq_dadcfc9d22e8afab,mol_fyirupztypildh-uhfffaoysa-n,1,1.0,4.184,0.8202625594033195,/home/ifs1/myDB/R-PhysGen-DB/data/raw/manual/quantum_pilot_artifacts/qreq_03721bb6b2f4c435/xtbopt.xyz,/home/ifs1/myDB/R-PhysGen-DB/data/raw/manual/quantum_phase2_artifacts/crest_conformer/qreq_dadcfc9d22e8afab/qreq_dadcfc9d22e8afab_crest_artifact.tar.gz,e9a3f64da534287382966eebd84ae596cfbebfb0baaa11bce0c9f7875d9014c2,phase-2 conformer detail; execution_kind=crest
qreq_dadcfc9d22e8afab,mol_fyirupztypildh-uhfffaoysa-n,2,2.0,8.368,0.15168680440934168,/home/ifs1/myDB/R-PhysGen-DB/data/raw/manual/quantum_pilot_artifacts/qreq_03721bb6b2f4c435/xtbopt.xyz,/home/ifs1/myDB/R-PhysGen-DB/data/raw/manual/quantum_phase2_artifacts/crest_conformer/qreq_dadcfc9d22e8afab/qreq_dadcfc9d22e8afab_crest_artifact.tar.gz,e9a3f64da534287382966eebd84ae596cfbebfb0baaa11bce0c9f7875d9014c2,phase-2 conformer detail; execution_kind=crest
qreq_dadcfc9d22e8afab,mol_fyirupztypildh-uhfffaoysa-n,3,3.0,12.552,0.028050636187338766,/home/ifs1/myDB/R-PhysGen-DB/data/raw/manual/quantum_pilot_artifacts/qreq_03721bb6b2f4c435/xtbopt.xyz,/home/ifs1/myDB/R-PhysGen-DB/data/raw/manual/quantum_phase2_artifacts/crest_conformer/qreq_dadcfc9d22e8afab/qreq_dadcfc9d22e8afab_crest_artifact.tar.gz,e9a3f64da534287382966eebd84ae596cfbebfb0baaa11bce0c9f7875d9014c2,phase-2 conformer detail; execution_kind=crest
qreq_db4921de2cf22620,mol_mizlgwkezapefj-uhfffaoysa-n,1,0.0,0.0,1.0,/home/ifs1/myDB/R-PhysGen-DB/data/raw/manual/quantum_pilot_artifacts/qreq_793c80431543b963/xtbopt.xyz,/home/ifs1/myDB/R-PhysGen-DB/data/raw/manual/quantum_phase2_artifacts/crest_conformer/qreq_db4921de2cf22620/qreq_db4921de2cf22620_crest_artifact.tar.gz,42151ff81c94ebdd3005d10f4f4d541c5bce66035597e101b156ba908f763c96,phase-2 conformer detail; execution_kind=singleton
qreq_dc5e6db9708a6885,mol_tzihfwkzfhzasv-uhfffaoysa-n,1,0.0,0.0,1.0,/home/ifs1/myDB/R-PhysGen-DB/data/raw/manual/quantum_pilot_artifacts/qreq_62d1e6a2653503dc/xtbopt.xyz,/home/ifs1/myDB/R-PhysGen-DB/data/raw/manual/quantum_phase2_artifacts/crest_conformer/qreq_dc5e6db9708a6885/qreq_dc5e6db9708a6885_crest_artifact.tar.gz,243306bba58692149e41780f1aa46772dd9377beda12ba4c06e36a3ca18b8d6f,phase-2 conformer detail; execution_kind=singleton
qreq_dcd27ca88b1ffc16,mol_qysgyzvsczslht-uhfffaoysa-n,1,1.0,4.184,0.0,/home/ifs1/myDB/R-PhysGen-DB/data/raw/manual/quantum_pilot_artifacts/qreq_030b1aa9a94d0f9f/xtbopt.xyz,/home/ifs1/myDB/R-PhysGen-DB/data/raw/manual/quantum_phase2_artifacts/crest_conformer/qreq_dcd27ca88b1ffc16/qreq_dcd27ca88b1ffc16_crest_artifact.tar.gz,060dac38d0dd6f649857ee098ee32188a86104676032cd4c469556c982c91b6b,phase-2 conformer detail; execution_kind=crest
qreq_dcd27ca88b1ffc16,mol_qysgyzvsczslht-uhfffaoysa-n,2,2.0,8.368,0.901,/home/ifs1/myDB/R-PhysGen-DB/data/raw/manual/quantum_pilot_artifacts/qreq_030b1aa9a94d0f9f/xtbopt.xyz,/home/ifs1/myDB/R-PhysGen-DB/data/raw/manual/quantum_phase2_artifacts/crest_conformer/qreq_dcd27ca88b1ffc16/qreq_dcd27ca88b1ffc16_crest_artifact.tar.gz,060dac38d0dd6f649857ee098ee32188a86104676032cd4c469556c982c91b6b,phase-2 conformer detail; execution_kind=crest
qreq_e470eb6d312ea53c,mol_yfmfnykeudldtl-uhfffaoysa-n,1,1.0,4.184,0.8439354867065084,/home/ifs1/myDB/R-PhysGen-DB/data/raw/manual/quantum_pilot_artifacts/qreq_7409b07997e96b1f/xtbopt.xyz,/home/ifs1/myDB/R-PhysGen-DB/data/raw/manual/quantum_phase2_artifacts/crest_conformer/qreq_e470eb6d312ea53c/qreq_e470eb6d312ea53c_crest_artifact.tar.gz,8c9b55fd2798aac53c0b7e20569316fdb8c0e1ceae246d37c70047b54c845ca4,phase-2 conformer detail; execution_kind=crest
qreq_e470eb6d312ea53c,mol_yfmfnykeudldtl-uhfffaoysa-n,2,2.0,8.368,0.1560645132934915,/home/ifs1/myDB/R-PhysGen-DB/data/raw/manual/quantum_pilot_artifacts/qreq_7409b07997e96b1f/xtbopt.xyz,/home/ifs1/myDB/R-PhysGen-DB/data/raw/manual/quantum_phase2_artifacts/crest_conformer/qreq_e470eb6d312ea53c/qreq_e470eb6d312ea53c_crest_artifact.tar.gz,8c9b55fd2798aac53c0b7e20569316fdb8c0e1ceae246d37c70047b54c845ca4,phase-2 conformer detail; execution_kind=crest
qreq_e5e5d085c87a04f0,mol_wgzyqosevsxdni-uhfffaoysa-n,1,0.0,0.0,1.0,/home/ifs1/myDB/R-PhysGen-DB/data/raw/manual/quantum_pilot_artifacts/qreq_ff675f0a83e0ff09/xtbopt.xyz,/home/ifs1/myDB/R-PhysGen-DB/data/raw/manual/quantum_phase2_artifacts/crest_conformer/qreq_e5e5d085c87a04f0/qreq_e5e5d085c87a04f0_crest_artifact.tar.gz,d069198e9d1c317ce749be32632e258f51f595300795e067d44141fe5250120b,phase-2 conformer detail; execution_kind=singleton
qreq_e80553d958b20967,mol_txeyqdlbpfqvaa-uhfffaoysa-n,1,0.0,0.0,1.0,/home/ifs1/myDB/R-PhysGen-DB/data/raw/manual/quantum_pilot_artifacts/qreq_41c85ba9cddffd06/xtbopt.xyz,/home/ifs1/myDB/R-PhysGen-DB/data/raw/manual/quantum_phase2_artifacts/crest_conformer/qreq_e80553d958b20967/qreq_e80553d958b20967_crest_artifact.tar.gz,82fa57f6aa2f5f360460c1e0c73f9e34f864660162a8ba07ba31753469cc4993,phase-2 conformer detail; execution_kind=singleton
qreq_e92579a143e333e9,mol_wxgnwuvnymjeni-uhfffaoysa-n,1,1.0,4.184,0.0,/home/ifs1/myDB/R-PhysGen-DB/data/raw/manual/quantum_pilot_artifacts/qreq_0d0e1013c6f83e2c/xtbopt.xyz,/home/ifs1/myDB/R-PhysGen-DB/data/raw/manual/quantum_phase2_artifacts/crest_conformer/qreq_e92579a143e333e9/qreq_e92579a143e333e9_crest_artifact.tar.gz,44a8d6d9f4b0188e4993638632e846c033b651fdc76a9bbf01d6a0b01c428ca6,phase-2 conformer detail; execution_kind=crest
qreq_f161f4559992e974,mol_ijdnqmdrqiteod-uhfffaoysa-n,1,0.0,0.0,1.0,/home/ifs1/myDB/R-PhysGen-DB/data/raw/manual/quantum_pilot_artifacts/qreq_50716528fb85b3e3/xtbopt.xyz,/home/ifs1/myDB/R-PhysGen-DB/data/raw/manual/quantum_phase2_artifacts/crest_conformer/qreq_f161f4559992e974/qreq_f161f4559992e974_crest_artifact.tar.gz,5b02283573215373b1fb8609ab898e92174e6fb9415cbf56265aaaf335cd30be,phase-2 conformer detail; execution_kind=singleton
qreq_f1732a6c4724430a,mol_wmiykqltonqjes-uhfffaoysa-n,1,1.0,4.184,0.0,/home/ifs1/myDB/R-PhysGen-DB/data/raw/manual/quantum_pilot_artifacts/qreq_3fb023cde47fba61/xtbopt.xyz,/home/ifs1/myDB/R-PhysGen-DB/data/raw/manual/quantum_phase2_artifacts/crest_conformer/qreq_f1732a6c4724430a/qreq_f1732a6c4724430a_crest_artifact.tar.gz,ecee4853745bfdc604ef4f13a78da84c623bc73d163caaae5e1c42952661baf1,phase-2 conformer detail; execution_kind=crest
qreq_f307b0b03ecc4a6b,mol_ufhflcqgniynrp-uhfffaoysa-n,1,0.0,0.0,1.0,/home/ifs1/myDB/R-PhysGen-DB/data/raw/manual/quantum_pilot_artifacts/qreq_604b490c1ec2a355/xtbopt.xyz,/home/ifs1/myDB/R-PhysGen-DB/data/raw/manual/quantum_phase2_artifacts/crest_conformer/qreq_f307b0b03ecc4a6b/qreq_f307b0b03ecc4a6b_crest_artifact.tar.gz,3a06f25673cbdd1fcb01528c8e19b76e4191dc15c711185a9c5dbad7e91e8b91,phase-2 conformer detail; execution_kind=singleton
qreq_f61e882d3098d7c3,mol_otmsdbzupauedd-uhfffaoysa-n,1,0.0,0.0,1.0,/home/ifs1/myDB/R-PhysGen-DB/data/raw/manual/quantum_pilot_artifacts/qreq_4e06eeb7fb36f82b/xtbopt.xyz,/home/ifs1/myDB/R-PhysGen-DB/data/raw/manual/quantum_phase2_artifacts/crest_conformer/qreq_f61e882d3098d7c3/qreq_f61e882d3098d7c3_crest_artifact.tar.gz,fce8488343ac5e0f720c20b6756a830e7031f5691d9356620da2e5929f51ca67,phase-2 conformer detail; execution_kind=singleton
