substance_id,refrigerant_number,requested_property_count,requested_properties,seed_id,mol_id,canonical_smiles,isomeric_smiles,mapping_status,mapping_reason,has_completed_xtb,has_completed_psi4_dft,xtb_request_id,dft_request_id,xtb_enqueue_status,dft_enqueue_status,dft_xyz_source_path,dft_blocking_issue
SUB106,FK-5-1-12,10,dft_homo_energy;dft_lumo_energy;dft_homo_lumo_gap;dft_dipole_moment;dft_polarizability;zero_point_energy;ir_vibrational_frequencies;partial_charges_NBO_or_RESP;standard_enthalpy_of_formation;multi_conformer_relative_energies,,,,,unmapped,no_seed_catalog_match,0,0,,,unmapped,unmapped,,no_seed_catalog_match
SUB031,R-11,10,dft_homo_energy;dft_lumo_energy;dft_homo_lumo_gap;dft_dipole_moment;dft_polarizability;zero_point_energy;ir_vibrational_frequencies;partial_charges_NBO_or_RESP;standard_enthalpy_of_formation;multi_conformer_relative_energies,anchor_r11,mol_cyrmsutzvyginf-uhfffaoysa-n,FC(Cl)(Cl)Cl,FC(Cl)(Cl)Cl,mapped,mapped_by_seed_catalog,1,1,qreq_451af86f453b04fb,qreq_01b949b86e878978,already_completed,already_completed,/home/ifs1/myDB/R-PhysGen-DB/data/raw/manual/quantum_pilot_artifacts/qreq_451af86f453b04fb/xtbopt.xyz,
SUB108,R-111,10,dft_homo_energy;dft_lumo_energy;dft_homo_lumo_gap;dft_dipole_moment;dft_polarizability;zero_point_energy;ir_vibrational_frequencies;partial_charges_NBO_or_RESP;standard_enthalpy_of_formation;multi_conformer_relative_energies,,,,,unmapped,no_seed_catalog_match,0,0,,,unmapped,unmapped,,no_seed_catalog_match
SUB088,R-1112a,10,dft_homo_energy;dft_lumo_energy;dft_homo_lumo_gap;dft_dipole_moment;dft_polarizability;zero_point_energy;ir_vibrational_frequencies;partial_charges_NBO_or_RESP;standard_enthalpy_of_formation;multi_conformer_relative_energies,,,,,unmapped,no_seed_catalog_match,0,0,,,unmapped,unmapped,,no_seed_catalog_match
SUB083,R-1113,10,dft_homo_energy;dft_lumo_energy;dft_homo_lumo_gap;dft_dipole_moment;dft_polarizability;zero_point_energy;ir_vibrational_frequencies;partial_charges_NBO_or_RESP;standard_enthalpy_of_formation;multi_conformer_relative_energies,,,,,unmapped,no_seed_catalog_match,0,0,,,unmapped,unmapped,,no_seed_catalog_match
SUB117,R-1114,10,dft_homo_energy;dft_lumo_energy;dft_homo_lumo_gap;dft_dipole_moment;dft_polarizability;zero_point_energy;ir_vibrational_frequencies;partial_charges_NBO_or_RESP;standard_enthalpy_of_formation;multi_conformer_relative_energies,,,,,unmapped,no_seed_catalog_match,0,0,,,unmapped,unmapped,,no_seed_catalog_match
SUB112,R-112,10,dft_homo_energy;dft_lumo_energy;dft_homo_lumo_gap;dft_dipole_moment;dft_polarizability;zero_point_energy;ir_vibrational_frequencies;partial_charges_NBO_or_RESP;standard_enthalpy_of_formation;multi_conformer_relative_energies,,,,,unmapped,no_seed_catalog_match,0,0,,,unmapped,unmapped,,no_seed_catalog_match
SUB125,R-1120,10,dft_homo_energy;dft_lumo_energy;dft_homo_lumo_gap;dft_dipole_moment;dft_polarizability;zero_point_energy;ir_vibrational_frequencies;partial_charges_NBO_or_RESP;standard_enthalpy_of_formation;multi_conformer_relative_energies,,,,,unmapped,no_seed_catalog_match,0,0,,,unmapped,unmapped,,no_seed_catalog_match
SUB131,R-1123,10,dft_homo_energy;dft_lumo_energy;dft_homo_lumo_gap;dft_dipole_moment;dft_polarizability;zero_point_energy;ir_vibrational_frequencies;partial_charges_NBO_or_RESP;standard_enthalpy_of_formation;multi_conformer_relative_energies,tierc_candidate_r1123,mol_mizlgwkezapefj-uhfffaoysa-n,FC=C(F)F,FC=C(F)F,mapped,mapped_by_seed_catalog,1,1,qreq_793c80431543b963,qreq_fabd961cfad18f7d,already_completed,already_completed,/home/ifs1/myDB/R-PhysGen-DB/data/raw/manual/quantum_pilot_artifacts/qreq_793c80431543b963/xtbopt.xyz,
SUB111,R-112a,10,dft_homo_energy;dft_lumo_energy;dft_homo_lumo_gap;dft_dipole_moment;dft_polarizability;zero_point_energy;ir_vibrational_frequencies;partial_charges_NBO_or_RESP;standard_enthalpy_of_formation;multi_conformer_relative_energies,,,,,unmapped,no_seed_catalog_match,0,0,,,unmapped,unmapped,,no_seed_catalog_match
SUB034,R-113,10,dft_homo_energy;dft_lumo_energy;dft_homo_lumo_gap;dft_dipole_moment;dft_polarizability;zero_point_energy;ir_vibrational_frequencies;partial_charges_NBO_or_RESP;standard_enthalpy_of_formation;multi_conformer_relative_energies,anchor_r113,mol_ajdizqlsfpqpey-uhfffaoysa-n,FC(F)(Cl)C(F)(Cl)Cl,FC(F)(Cl)C(F)(Cl)Cl,mapped,mapped_by_seed_catalog,1,1,qreq_dabbbe00062d590c,qreq_1eaaafc4a4d4599a,already_completed,already_completed,/home/ifs1/myDB/R-PhysGen-DB/data/raw/manual/quantum_pilot_artifacts/qreq_dabbbe00062d590c/xtbopt.xyz,
SUB069,R-1130(E),10,dft_homo_energy;dft_lumo_energy;dft_homo_lumo_gap;dft_dipole_moment;dft_polarizability;zero_point_energy;ir_vibrational_frequencies;partial_charges_NBO_or_RESP;standard_enthalpy_of_formation;multi_conformer_relative_energies,,,,,unmapped,no_seed_catalog_match,0,0,,,unmapped,unmapped,,no_seed_catalog_match
SUB071,R-1132(E),10,dft_homo_energy;dft_lumo_energy;dft_homo_lumo_gap;dft_dipole_moment;dft_polarizability;zero_point_energy;ir_vibrational_frequencies;partial_charges_NBO_or_RESP;standard_enthalpy_of_formation;multi_conformer_relative_energies,,,,,unmapped,no_seed_catalog_match,0,0,,,unmapped,unmapped,,no_seed_catalog_match
SUB070,R-1132a,10,dft_homo_energy;dft_lumo_energy;dft_homo_lumo_gap;dft_dipole_moment;dft_polarizability;zero_point_energy;ir_vibrational_frequencies;partial_charges_NBO_or_RESP;standard_enthalpy_of_formation;multi_conformer_relative_energies,tierc_candidate_r1132a,mol_bqcidusakpweox-uhfffaoysa-n,C=C(F)F,C=C(F)F,mapped,mapped_by_seed_catalog,1,1,qreq_acfee86277c25738,qreq_b2a35047086c26a6,already_completed,already_completed,/home/ifs1/myDB/R-PhysGen-DB/data/raw/manual/quantum_pilot_artifacts/qreq_acfee86277c25738/xtbopt.xyz,
SUB128,R-113a,10,dft_homo_energy;dft_lumo_energy;dft_homo_lumo_gap;dft_dipole_moment;dft_polarizability;zero_point_energy;ir_vibrational_frequencies;partial_charges_NBO_or_RESP;standard_enthalpy_of_formation;multi_conformer_relative_energies,,,,,unmapped,no_seed_catalog_match,0,0,,,unmapped,unmapped,,no_seed_catalog_match
SUB035,R-114,10,dft_homo_energy;dft_lumo_energy;dft_homo_lumo_gap;dft_dipole_moment;dft_polarizability;zero_point_energy;ir_vibrational_frequencies;partial_charges_NBO_or_RESP;standard_enthalpy_of_formation;multi_conformer_relative_energies,anchor_r114,mol_ddmousalmhhkos-uhfffaoysa-n,FC(F)(Cl)C(F)(F)Cl,FC(F)(Cl)C(F)(F)Cl,mapped,mapped_by_seed_catalog,1,1,qreq_85214fd0f9939535,qreq_6131be2b66ca2220,already_completed,already_completed,/home/ifs1/myDB/R-PhysGen-DB/data/raw/manual/quantum_pilot_artifacts/qreq_85214fd0f9939535/xtbopt.xyz,
SUB076,R-1140,10,dft_homo_energy;dft_lumo_energy;dft_homo_lumo_gap;dft_dipole_moment;dft_polarizability;zero_point_energy;ir_vibrational_frequencies;partial_charges_NBO_or_RESP;standard_enthalpy_of_formation;multi_conformer_relative_energies,,,,,unmapped,no_seed_catalog_match,0,0,,,unmapped,unmapped,,no_seed_catalog_match
SUB100,R-1141,10,dft_homo_energy;dft_lumo_energy;dft_homo_lumo_gap;dft_dipole_moment;dft_polarizability;zero_point_energy;ir_vibrational_frequencies;partial_charges_NBO_or_RESP;standard_enthalpy_of_formation;multi_conformer_relative_energies,,,,,unmapped,no_seed_catalog_match,0,0,,,unmapped,unmapped,,no_seed_catalog_match
SUB085,R-114B2,10,dft_homo_energy;dft_lumo_energy;dft_homo_lumo_gap;dft_dipole_moment;dft_polarizability;zero_point_energy;ir_vibrational_frequencies;partial_charges_NBO_or_RESP;standard_enthalpy_of_formation;multi_conformer_relative_energies,,,,,unmapped,no_seed_catalog_match,0,0,,,unmapped,unmapped,,no_seed_catalog_match
SUB094,R-114a,10,dft_homo_energy;dft_lumo_energy;dft_homo_lumo_gap;dft_dipole_moment;dft_polarizability;zero_point_energy;ir_vibrational_frequencies;partial_charges_NBO_or_RESP;standard_enthalpy_of_formation;multi_conformer_relative_energies,inventory_r114a,mol_bamuexipksrtbs-uhfffaoysa-n,FC(F)(F)C(F)(Cl)Cl,FC(F)(F)C(F)(Cl)Cl,mapped,mapped_by_seed_catalog,1,1,qreq_6e1ff27ce6594a76,qreq_11406c03c69cbb76,already_completed,already_completed,/home/ifs1/myDB/R-PhysGen-DB/data/raw/manual/quantum_pilot_artifacts/qreq_6e1ff27ce6594a76/xtbopt.xyz,
SUB036,R-115,10,dft_homo_energy;dft_lumo_energy;dft_homo_lumo_gap;dft_dipole_moment;dft_polarizability;zero_point_energy;ir_vibrational_frequencies;partial_charges_NBO_or_RESP;standard_enthalpy_of_formation;multi_conformer_relative_energies,anchor_r115,mol_rfcauadvodfslz-uhfffaoysa-n,FC(F)(F)C(F)(F)Cl,FC(F)(F)C(F)(F)Cl,mapped,mapped_by_seed_catalog,1,1,qreq_68755da2689d9b0c,qreq_cadbbe78f7778e43,already_completed,already_completed,/home/ifs1/myDB/R-PhysGen-DB/data/raw/manual/quantum_pilot_artifacts/qreq_68755da2689d9b0c/xtbopt.xyz,
SUB030,R-1150,10,dft_homo_energy;dft_lumo_energy;dft_homo_lumo_gap;dft_dipole_moment;dft_polarizability;zero_point_energy;ir_vibrational_frequencies;partial_charges_NBO_or_RESP;standard_enthalpy_of_formation;multi_conformer_relative_energies,seed_ethylene,mol_vggsqfucumxweo-uhfffaoysa-n,C=C,C=C,mapped,mapped_by_seed_catalog,1,1,qreq_76295c8587ab7ca3,qreq_8efc7fa4ee8ed5ac,already_completed,already_completed,/home/ifs1/myDB/R-PhysGen-DB/data/raw/manual/quantum_pilot_artifacts/qreq_76295c8587ab7ca3/xtbopt.xyz,
SUB051,R-116,10,dft_homo_energy;dft_lumo_energy;dft_homo_lumo_gap;dft_dipole_moment;dft_polarizability;zero_point_energy;ir_vibrational_frequencies;partial_charges_NBO_or_RESP;standard_enthalpy_of_formation;multi_conformer_relative_energies,seed_r116,mol_wmiykqltonqjes-uhfffaoysa-n,FC(F)(F)C(F)(F)F,FC(F)(F)C(F)(F)F,mapped,mapped_by_seed_catalog,1,1,qreq_3fb023cde47fba61,qreq_040758cd3cf4df3a,already_completed,already_completed,/home/ifs1/myDB/R-PhysGen-DB/data/raw/manual/quantum_pilot_artifacts/qreq_3fb023cde47fba61/xtbopt.xyz,
SUB032,R-12,10,dft_homo_energy;dft_lumo_energy;dft_homo_lumo_gap;dft_dipole_moment;dft_polarizability;zero_point_energy;ir_vibrational_frequencies;partial_charges_NBO_or_RESP;standard_enthalpy_of_formation;multi_conformer_relative_energies,anchor_r12,mol_pxbrqckwgahehs-uhfffaoysa-n,FC(F)(Cl)Cl,FC(F)(Cl)Cl,mapped,mapped_by_seed_catalog,1,1,qreq_397c558e01398e9a,qreq_96193e583f161b06,already_completed,already_completed,/home/ifs1/myDB/R-PhysGen-DB/data/raw/manual/quantum_pilot_artifacts/qreq_397c558e01398e9a/xtbopt.xyz,
SUB107,R-120,10,dft_homo_energy;dft_lumo_energy;dft_homo_lumo_gap;dft_dipole_moment;dft_polarizability;zero_point_energy;ir_vibrational_frequencies;partial_charges_NBO_or_RESP;standard_enthalpy_of_formation;multi_conformer_relative_energies,,,,,unmapped,no_seed_catalog_match,0,0,,,unmapped,unmapped,,no_seed_catalog_match
SUB115,R-121,10,dft_homo_energy;dft_lumo_energy;dft_homo_lumo_gap;dft_dipole_moment;dft_polarizability;zero_point_energy;ir_vibrational_frequencies;partial_charges_NBO_or_RESP;standard_enthalpy_of_formation;multi_conformer_relative_energies,,,,,unmapped,no_seed_catalog_match,0,0,,,unmapped,unmapped,,no_seed_catalog_match
SUB102,R-1216,10,dft_homo_energy;dft_lumo_energy;dft_homo_lumo_gap;dft_dipole_moment;dft_polarizability;zero_point_energy;ir_vibrational_frequencies;partial_charges_NBO_or_RESP;standard_enthalpy_of_formation;multi_conformer_relative_energies,,,,,unmapped,no_seed_catalog_match,0,0,,,unmapped,unmapped,,no_seed_catalog_match
SUB114,R-121a,10,dft_homo_energy;dft_lumo_energy;dft_homo_lumo_gap;dft_dipole_moment;dft_polarizability;zero_point_energy;ir_vibrational_frequencies;partial_charges_NBO_or_RESP;standard_enthalpy_of_formation;multi_conformer_relative_energies,,,,,unmapped,no_seed_catalog_match,0,0,,,unmapped,unmapped,,no_seed_catalog_match
SUB121,R-122,10,dft_homo_energy;dft_lumo_energy;dft_homo_lumo_gap;dft_dipole_moment;dft_polarizability;zero_point_energy;ir_vibrational_frequencies;partial_charges_NBO_or_RESP;standard_enthalpy_of_formation;multi_conformer_relative_energies,,,,,unmapped,no_seed_catalog_match,0,0,,,unmapped,unmapped,,no_seed_catalog_match
SUB012,R-1224yd(Z),10,dft_homo_energy;dft_lumo_energy;dft_homo_lumo_gap;dft_dipole_moment;dft_polarizability;zero_point_energy;ir_vibrational_frequencies;partial_charges_NBO_or_RESP;standard_enthalpy_of_formation;multi_conformer_relative_energies,tierc_candidate_1224ydz,,,,unmapped,no_molecule_core_match,0,0,,,unmapped,unmapped,,no_molecule_core_match
SUB122,R-122a,10,dft_homo_energy;dft_lumo_energy;dft_homo_lumo_gap;dft_dipole_moment;dft_polarizability;zero_point_energy;ir_vibrational_frequencies;partial_charges_NBO_or_RESP;standard_enthalpy_of_formation;multi_conformer_relative_energies,,,,,unmapped,no_seed_catalog_match,0,0,,,unmapped,unmapped,,no_seed_catalog_match
SUB120,R-122b,10,dft_homo_energy;dft_lumo_energy;dft_homo_lumo_gap;dft_dipole_moment;dft_polarizability;zero_point_energy;ir_vibrational_frequencies;partial_charges_NBO_or_RESP;standard_enthalpy_of_formation;multi_conformer_relative_energies,,,,,unmapped,no_seed_catalog_match,0,0,,,unmapped,unmapped,,no_seed_catalog_match
SUB038,R-123,10,dft_homo_energy;dft_lumo_energy;dft_homo_lumo_gap;dft_dipole_moment;dft_polarizability;zero_point_energy;ir_vibrational_frequencies;partial_charges_NBO_or_RESP;standard_enthalpy_of_formation;multi_conformer_relative_energies,anchor_r123,mol_ohmhbgpwchtmqe-uhfffaoysa-n,FC(F)(F)C(Cl)Cl,FC(F)(F)C(Cl)Cl,mapped,mapped_by_seed_catalog,1,1,qreq_9d4e941dbcba43dd,qreq_f24c52ee275ce8e2,already_completed,already_completed,/home/ifs1/myDB/R-PhysGen-DB/data/raw/manual/quantum_pilot_artifacts/qreq_9d4e941dbcba43dd/xtbopt.xyz,
SUB011,R-1233zd(E),10,dft_homo_energy;dft_lumo_energy;dft_homo_lumo_gap;dft_dipole_moment;dft_polarizability;zero_point_energy;ir_vibrational_frequencies;partial_charges_NBO_or_RESP;standard_enthalpy_of_formation;multi_conformer_relative_energies,anchor_r1233zde,mol_ldtmpqqawumpks-owojbtedsa-n,FC(F)(F)C=CCl,FC(F)(F)/C=C/Cl,mapped,mapped_by_seed_catalog,1,1,qreq_812f8780c08c6013,qreq_9c9369028e430aa1,already_completed,already_completed,/home/ifs1/myDB/R-PhysGen-DB/data/raw/manual/quantum_pilot_artifacts/qreq_812f8780c08c6013/xtbopt.xyz,
SUB009,R-1234yf,10,dft_homo_energy;dft_lumo_energy;dft_homo_lumo_gap;dft_dipole_moment;dft_polarizability;zero_point_energy;ir_vibrational_frequencies;partial_charges_NBO_or_RESP;standard_enthalpy_of_formation;multi_conformer_relative_energies,anchor_r1234yf,mol_fxrlmcrcydhqfw-uhfffaoysa-n,C=C(F)C(F)(F)F,C=C(F)C(F)(F)F,mapped,mapped_by_seed_catalog,1,1,qreq_3006c4a85e074cd4,qreq_582a974263866bbb,already_completed,already_completed,/home/ifs1/myDB/R-PhysGen-DB/data/raw/manual/quantum_pilot_artifacts/qreq_3006c4a85e074cd4/xtbopt.xyz,
SUB010,R-1234ze(E),10,dft_homo_energy;dft_lumo_energy;dft_homo_lumo_gap;dft_dipole_moment;dft_polarizability;zero_point_energy;ir_vibrational_frequencies;partial_charges_NBO_or_RESP;standard_enthalpy_of_formation;multi_conformer_relative_energies,anchor_r1234zee,mol_cdooaushhfgwsa-owojbtedsa-n,FC=CC(F)(F)F,F/C=C/C(F)(F)F,mapped,mapped_by_seed_catalog,1,1,qreq_5716a6e5f61b2163,qreq_c8b970502c0bce4b,already_completed,already_completed,/home/ifs1/myDB/R-PhysGen-DB/data/raw/manual/quantum_pilot_artifacts/qreq_5716a6e5f61b2163/xtbopt.xyz,
SUB119,R-1234ze(Z),10,dft_homo_energy;dft_lumo_energy;dft_homo_lumo_gap;dft_dipole_moment;dft_polarizability;zero_point_energy;ir_vibrational_frequencies;partial_charges_NBO_or_RESP;standard_enthalpy_of_formation;multi_conformer_relative_energies,anchor_r1234zez,mol_cdooaushhfgwsa-uphrsurjsa-n,FC=CC(F)(F)F,F/C=C\C(F)(F)F,mapped,mapped_by_seed_catalog,1,1,qreq_6a73f82efdc1e941,qreq_cf441aa6fdeb374b,already_completed,already_completed,/home/ifs1/myDB/R-PhysGen-DB/data/raw/manual/quantum_pilot_artifacts/qreq_6a73f82efdc1e941/xtbopt.xyz,
SUB095,R-123a,10,dft_homo_energy;dft_lumo_energy;dft_homo_lumo_gap;dft_dipole_moment;dft_polarizability;zero_point_energy;ir_vibrational_frequencies;partial_charges_NBO_or_RESP;standard_enthalpy_of_formation;multi_conformer_relative_energies,,,,,unmapped,no_seed_catalog_match,0,0,,,unmapped,unmapped,,no_seed_catalog_match
SUB039,R-124,10,dft_homo_energy;dft_lumo_energy;dft_homo_lumo_gap;dft_dipole_moment;dft_polarizability;zero_point_energy;ir_vibrational_frequencies;partial_charges_NBO_or_RESP;standard_enthalpy_of_formation;multi_conformer_relative_energies,anchor_r124,mol_bougcjdaqlkbqh-uhfffaoysa-n,FC(Cl)C(F)(F)F,FC(Cl)C(F)(F)F,mapped,mapped_by_seed_catalog,1,1,qreq_4ee26b6711da2d43,qreq_16d842d117c98231,already_completed,already_completed,/home/ifs1/myDB/R-PhysGen-DB/data/raw/manual/quantum_pilot_artifacts/qreq_4ee26b6711da2d43/xtbopt.xyz,
SUB135,R-1243zf,10,dft_homo_energy;dft_lumo_energy;dft_homo_lumo_gap;dft_dipole_moment;dft_polarizability;zero_point_energy;ir_vibrational_frequencies;partial_charges_NBO_or_RESP;standard_enthalpy_of_formation;multi_conformer_relative_energies,seed_r1243zf,mol_fdmfuzhcirhgrg-uhfffaoysa-n,C=CC(F)(F)F,C=CC(F)(F)F,mapped,mapped_by_seed_catalog,1,1,qreq_23819a123f66e55b,qreq_75c3c30e9533cc9d,already_completed,already_completed,/home/ifs1/myDB/R-PhysGen-DB/data/raw/manual/quantum_pilot_artifacts/qreq_23819a123f66e55b/xtbopt.xyz,
SUB079,R-124a,10,dft_homo_energy;dft_lumo_energy;dft_homo_lumo_gap;dft_dipole_moment;dft_polarizability;zero_point_energy;ir_vibrational_frequencies;partial_charges_NBO_or_RESP;standard_enthalpy_of_formation;multi_conformer_relative_energies,,,,,unmapped,no_seed_catalog_match,0,0,,,unmapped,unmapped,,no_seed_catalog_match
SUB002,R-125,10,dft_homo_energy;dft_lumo_energy;dft_homo_lumo_gap;dft_dipole_moment;dft_polarizability;zero_point_energy;ir_vibrational_frequencies;partial_charges_NBO_or_RESP;standard_enthalpy_of_formation;multi_conformer_relative_energies,anchor_r125,mol_gtlacdsxyulkmz-uhfffaoysa-n,FC(F)C(F)(F)F,FC(F)C(F)(F)F,mapped,mapped_by_seed_catalog,1,1,qreq_b1b84ff6c1ce26fd,qreq_4813ae80d476e108,already_completed,already_completed,/home/ifs1/myDB/R-PhysGen-DB/data/raw/manual/quantum_pilot_artifacts/qreq_b1b84ff6c1ce26fd/xtbopt.xyz,
SUB029,R-1270,10,dft_homo_energy;dft_lumo_energy;dft_homo_lumo_gap;dft_dipole_moment;dft_polarizability;zero_point_energy;ir_vibrational_frequencies;partial_charges_NBO_or_RESP;standard_enthalpy_of_formation;multi_conformer_relative_energies,anchor_r1270,mol_qqonpfptgqhpma-uhfffaoysa-n,C=CC,C=CC,mapped,mapped_by_seed_catalog,1,1,qreq_f0a0c8d3203f302e,qreq_3523c7f6c9a2f92e,already_completed,already_completed,/home/ifs1/myDB/R-PhysGen-DB/data/raw/manual/quantum_pilot_artifacts/qreq_f0a0c8d3203f302e/xtbopt.xyz,
SUB043,R-12B1,10,dft_homo_energy;dft_lumo_energy;dft_homo_lumo_gap;dft_dipole_moment;dft_polarizability;zero_point_energy;ir_vibrational_frequencies;partial_charges_NBO_or_RESP;standard_enthalpy_of_formation;multi_conformer_relative_energies,,,,,unmapped,no_seed_catalog_match,0,0,,,unmapped,unmapped,,no_seed_catalog_match
SUB084,R-12B2,10,dft_homo_energy;dft_lumo_energy;dft_homo_lumo_gap;dft_dipole_moment;dft_polarizability;zero_point_energy;ir_vibrational_frequencies;partial_charges_NBO_or_RESP;standard_enthalpy_of_formation;multi_conformer_relative_energies,,,,,unmapped,no_seed_catalog_match,0,0,,,unmapped,unmapped,,no_seed_catalog_match
SUB033,R-13,10,dft_homo_energy;dft_lumo_energy;dft_homo_lumo_gap;dft_dipole_moment;dft_polarizability;zero_point_energy;ir_vibrational_frequencies;partial_charges_NBO_or_RESP;standard_enthalpy_of_formation;multi_conformer_relative_energies,anchor_r13,mol_afypfacvudmoha-uhfffaoysa-n,FC(F)(F)Cl,FC(F)(F)Cl,mapped,mapped_by_seed_catalog,1,1,qreq_1964224e3114dee7,qreq_405fdd184fab7b4e,already_completed,already_completed,/home/ifs1/myDB/R-PhysGen-DB/data/raw/manual/quantum_pilot_artifacts/qreq_1964224e3114dee7/xtbopt.xyz,
SUB113,R-130,10,dft_homo_energy;dft_lumo_energy;dft_homo_lumo_gap;dft_dipole_moment;dft_polarizability;zero_point_energy;ir_vibrational_frequencies;partial_charges_NBO_or_RESP;standard_enthalpy_of_formation;multi_conformer_relative_energies,,,,,unmapped,no_seed_catalog_match,0,0,,,unmapped,unmapped,,no_seed_catalog_match
SUB126,R-131,10,dft_homo_energy;dft_lumo_energy;dft_homo_lumo_gap;dft_dipole_moment;dft_polarizability;zero_point_energy;ir_vibrational_frequencies;partial_charges_NBO_or_RESP;standard_enthalpy_of_formation;multi_conformer_relative_energies,,,,,unmapped,no_seed_catalog_match,0,0,,,unmapped,unmapped,,no_seed_catalog_match
SUB087,R-132,10,dft_homo_energy;dft_lumo_energy;dft_homo_lumo_gap;dft_dipole_moment;dft_polarizability;zero_point_energy;ir_vibrational_frequencies;partial_charges_NBO_or_RESP;standard_enthalpy_of_formation;multi_conformer_relative_energies,,,,,unmapped,no_seed_catalog_match,0,0,,,unmapped,unmapped,,no_seed_catalog_match
SUB086,R-132b,10,dft_homo_energy;dft_lumo_energy;dft_homo_lumo_gap;dft_dipole_moment;dft_polarizability;zero_point_energy;ir_vibrational_frequencies;partial_charges_NBO_or_RESP;standard_enthalpy_of_formation;multi_conformer_relative_energies,,,,,unmapped,no_seed_catalog_match,0,0,,,unmapped,unmapped,,no_seed_catalog_match
SUB081,R-133,10,dft_homo_energy;dft_lumo_energy;dft_homo_lumo_gap;dft_dipole_moment;dft_polarizability;zero_point_energy;ir_vibrational_frequencies;partial_charges_NBO_or_RESP;standard_enthalpy_of_formation;multi_conformer_relative_energies,,,,,unmapped,no_seed_catalog_match,0,0,,,unmapped,unmapped,,no_seed_catalog_match
SUB013,R-1336mzz(E),10,dft_homo_energy;dft_lumo_energy;dft_homo_lumo_gap;dft_dipole_moment;dft_polarizability;zero_point_energy;ir_vibrational_frequencies;partial_charges_NBO_or_RESP;standard_enthalpy_of_formation;multi_conformer_relative_energies,seed_r1336mzze,mol_nlolsxyrjfeota-owojbtedsa-n,FC(F)(F)C=CC(F)(F)F,FC(F)(F)/C=C/C(F)(F)F,mapped,mapped_by_seed_catalog,1,1,qreq_768a92016b55750f,qreq_1becfb2c0337ad53,already_completed,already_completed,/home/ifs1/myDB/R-PhysGen-DB/data/raw/manual/quantum_pilot_artifacts/qreq_768a92016b55750f/xtbopt.xyz,
SUB014,R-1336mzz(Z),10,dft_homo_energy;dft_lumo_energy;dft_homo_lumo_gap;dft_dipole_moment;dft_polarizability;zero_point_energy;ir_vibrational_frequencies;partial_charges_NBO_or_RESP;standard_enthalpy_of_formation;multi_conformer_relative_energies,tierc_candidate_1336mzzz,,,,unmapped,no_molecule_core_match,0,0,,,unmapped,unmapped,,no_molecule_core_match
SUB082,R-133a,10,dft_homo_energy;dft_lumo_energy;dft_homo_lumo_gap;dft_dipole_moment;dft_polarizability;zero_point_energy;ir_vibrational_frequencies;partial_charges_NBO_or_RESP;standard_enthalpy_of_formation;multi_conformer_relative_energies,,,,,unmapped,no_seed_catalog_match,0,0,,,unmapped,unmapped,,no_seed_catalog_match
SUB080,R-133b,10,dft_homo_energy;dft_lumo_energy;dft_homo_lumo_gap;dft_dipole_moment;dft_polarizability;zero_point_energy;ir_vibrational_frequencies;partial_charges_NBO_or_RESP;standard_enthalpy_of_formation;multi_conformer_relative_energies,,,,,unmapped,no_seed_catalog_match,0,0,,,unmapped,unmapped,,no_seed_catalog_match
SUB116,R-134,10,dft_homo_energy;dft_lumo_energy;dft_homo_lumo_gap;dft_dipole_moment;dft_polarizability;zero_point_energy;ir_vibrational_frequencies;partial_charges_NBO_or_RESP;standard_enthalpy_of_formation;multi_conformer_relative_energies,inventory_r134,mol_wxgnwuvnymjeni-uhfffaoysa-n,FC(F)C(F)F,FC(F)C(F)F,mapped,mapped_by_seed_catalog,1,1,qreq_0d0e1013c6f83e2c,qreq_f1686c500714da51,already_completed,already_completed,/home/ifs1/myDB/R-PhysGen-DB/data/raw/manual/quantum_pilot_artifacts/qreq_0d0e1013c6f83e2c/xtbopt.xyz,
SUB003,R-134a,10,dft_homo_energy;dft_lumo_energy;dft_homo_lumo_gap;dft_dipole_moment;dft_polarizability;zero_point_energy;ir_vibrational_frequencies;partial_charges_NBO_or_RESP;standard_enthalpy_of_formation;multi_conformer_relative_energies,anchor_r134a,mol_lvguzgtvoiakkc-uhfffaoysa-n,FCC(F)(F)F,FCC(F)(F)F,mapped,mapped_by_seed_catalog,1,1,qreq_1ae8eb2731515128,qreq_f9d96d00154e8754,already_completed,already_completed,/home/ifs1/myDB/R-PhysGen-DB/data/raw/manual/quantum_pilot_artifacts/qreq_1ae8eb2731515128/xtbopt.xyz,
SUB044,R-13B1,10,dft_homo_energy;dft_lumo_energy;dft_homo_lumo_gap;dft_dipole_moment;dft_polarizability;zero_point_energy;ir_vibrational_frequencies;partial_charges_NBO_or_RESP;standard_enthalpy_of_formation;multi_conformer_relative_energies,,,,,unmapped,no_seed_catalog_match,0,0,,,unmapped,unmapped,,no_seed_catalog_match
SUB042,R-13I1,10,dft_homo_energy;dft_lumo_energy;dft_homo_lumo_gap;dft_dipole_moment;dft_polarizability;zero_point_energy;ir_vibrational_frequencies;partial_charges_NBO_or_RESP;standard_enthalpy_of_formation;multi_conformer_relative_energies,seed_r13i1,mol_vpayjeuhkvessd-uhfffaoysa-n,FC(F)(F)I,FC(F)(F)I,mapped,mapped_by_seed_catalog,1,1,qreq_023fc363a5eed1d7,qreq_231a28f685fa7f0a,already_completed,already_completed,/home/ifs1/myDB/R-PhysGen-DB/data/raw/manual/quantum_pilot_artifacts/qreq_023fc363a5eed1d7/xtbopt.xyz,
SUB045,R-14,10,dft_homo_energy;dft_lumo_energy;dft_homo_lumo_gap;dft_dipole_moment;dft_polarizability;zero_point_energy;ir_vibrational_frequencies;partial_charges_NBO_or_RESP;standard_enthalpy_of_formation;multi_conformer_relative_energies,seed_r14,mol_txeyqdlbpfqvaa-uhfffaoysa-n,FC(F)(F)F,FC(F)(F)F,mapped,mapped_by_seed_catalog,1,1,qreq_41c85ba9cddffd06,qreq_1f88b8874a541dc6,already_completed,already_completed,/home/ifs1/myDB/R-PhysGen-DB/data/raw/manual/quantum_pilot_artifacts/qreq_41c85ba9cddffd06/xtbopt.xyz,
SUB124,R-140,10,dft_homo_energy;dft_lumo_energy;dft_homo_lumo_gap;dft_dipole_moment;dft_polarizability;zero_point_energy;ir_vibrational_frequencies;partial_charges_NBO_or_RESP;standard_enthalpy_of_formation;multi_conformer_relative_energies,,,,,unmapped,no_seed_catalog_match,0,0,,,unmapped,unmapped,,no_seed_catalog_match
SUB123,R-140a,10,dft_homo_energy;dft_lumo_energy;dft_homo_lumo_gap;dft_dipole_moment;dft_polarizability;zero_point_energy;ir_vibrational_frequencies;partial_charges_NBO_or_RESP;standard_enthalpy_of_formation;multi_conformer_relative_energies,,,,,unmapped,no_seed_catalog_match,0,0,,,unmapped,unmapped,,no_seed_catalog_match
SUB091,R-141,10,dft_homo_energy;dft_lumo_energy;dft_homo_lumo_gap;dft_dipole_moment;dft_polarizability;zero_point_energy;ir_vibrational_frequencies;partial_charges_NBO_or_RESP;standard_enthalpy_of_formation;multi_conformer_relative_energies,,,,,unmapped,no_seed_catalog_match,0,0,,,unmapped,unmapped,,no_seed_catalog_match
SUB040,R-141b,10,dft_homo_energy;dft_lumo_energy;dft_homo_lumo_gap;dft_dipole_moment;dft_polarizability;zero_point_energy;ir_vibrational_frequencies;partial_charges_NBO_or_RESP;standard_enthalpy_of_formation;multi_conformer_relative_energies,seed_r141b,mol_frchksnazzfgca-uhfffaoysa-n,CC(F)(Cl)Cl,CC(F)(Cl)Cl,mapped,mapped_by_seed_catalog,1,1,qreq_fe09f64af63b93d0,qreq_318df98d73bae6e4,already_completed,already_completed,/home/ifs1/myDB/R-PhysGen-DB/data/raw/manual/quantum_pilot_artifacts/qreq_fe09f64af63b93d0/xtbopt.xyz,
SUB074,R-142,10,dft_homo_energy;dft_lumo_energy;dft_homo_lumo_gap;dft_dipole_moment;dft_polarizability;zero_point_energy;ir_vibrational_frequencies;partial_charges_NBO_or_RESP;standard_enthalpy_of_formation;multi_conformer_relative_energies,,,,,unmapped,no_seed_catalog_match,0,0,,,unmapped,unmapped,,no_seed_catalog_match
SUB041,R-142b,10,dft_homo_energy;dft_lumo_energy;dft_homo_lumo_gap;dft_dipole_moment;dft_polarizability;zero_point_energy;ir_vibrational_frequencies;partial_charges_NBO_or_RESP;standard_enthalpy_of_formation;multi_conformer_relative_energies,seed_r142b,mol_bhnzezwiumjcgf-uhfffaoysa-n,CC(F)(F)Cl,CC(F)(F)Cl,mapped,mapped_by_seed_catalog,1,1,qreq_bdd4b63895efcf43,qreq_6840da912a3a72c3,already_completed,already_completed,/home/ifs1/myDB/R-PhysGen-DB/data/raw/manual/quantum_pilot_artifacts/qreq_bdd4b63895efcf43/xtbopt.xyz,
SUB129,R-143,10,dft_homo_energy;dft_lumo_energy;dft_homo_lumo_gap;dft_dipole_moment;dft_polarizability;zero_point_energy;ir_vibrational_frequencies;partial_charges_NBO_or_RESP;standard_enthalpy_of_formation;multi_conformer_relative_energies,inventory_r143,mol_wgzyqosevsxdni-uhfffaoysa-n,FCC(F)F,FCC(F)F,mapped,mapped_by_seed_catalog,1,1,qreq_ff675f0a83e0ff09,qreq_dc4ae1e97a942a59,already_completed,already_completed,/home/ifs1/myDB/R-PhysGen-DB/data/raw/manual/quantum_pilot_artifacts/qreq_ff675f0a83e0ff09/xtbopt.xyz,
SUB017,R-143a,10,dft_homo_energy;dft_lumo_energy;dft_homo_lumo_gap;dft_dipole_moment;dft_polarizability;zero_point_energy;ir_vibrational_frequencies;partial_charges_NBO_or_RESP;standard_enthalpy_of_formation;multi_conformer_relative_energies,anchor_r143a,mol_ujpmyeoubpiphq-uhfffaoysa-n,CC(F)(F)F,CC(F)(F)F,mapped,mapped_by_seed_catalog,1,1,qreq_e09229e346337824,qreq_742d66a671219f01,already_completed,already_completed,/home/ifs1/myDB/R-PhysGen-DB/data/raw/manual/quantum_pilot_artifacts/qreq_e09229e346337824/xtbopt.xyz,
SUB090,R-150,10,dft_homo_energy;dft_lumo_energy;dft_homo_lumo_gap;dft_dipole_moment;dft_polarizability;zero_point_energy;ir_vibrational_frequencies;partial_charges_NBO_or_RESP;standard_enthalpy_of_formation;multi_conformer_relative_energies,,,,,unmapped,no_seed_catalog_match,0,0,,,unmapped,unmapped,,no_seed_catalog_match
SUB089,R-150a,10,dft_homo_energy;dft_lumo_energy;dft_homo_lumo_gap;dft_dipole_moment;dft_polarizability;zero_point_energy;ir_vibrational_frequencies;partial_charges_NBO_or_RESP;standard_enthalpy_of_formation;multi_conformer_relative_energies,,,,,unmapped,no_seed_catalog_match,0,0,,,unmapped,unmapped,,no_seed_catalog_match
SUB078,R-151,10,dft_homo_energy;dft_lumo_energy;dft_homo_lumo_gap;dft_dipole_moment;dft_polarizability;zero_point_energy;ir_vibrational_frequencies;partial_charges_NBO_or_RESP;standard_enthalpy_of_formation;multi_conformer_relative_energies,,,,,unmapped,no_seed_catalog_match,0,0,,,unmapped,unmapped,,no_seed_catalog_match
SUB077,R-151a,10,dft_homo_energy;dft_lumo_energy;dft_homo_lumo_gap;dft_dipole_moment;dft_polarizability;zero_point_energy;ir_vibrational_frequencies;partial_charges_NBO_or_RESP;standard_enthalpy_of_formation;multi_conformer_relative_energies,,,,,unmapped,no_seed_catalog_match,0,0,,,unmapped,unmapped,,no_seed_catalog_match
SUB096,R-152,10,dft_homo_energy;dft_lumo_energy;dft_homo_lumo_gap;dft_dipole_moment;dft_polarizability;zero_point_energy;ir_vibrational_frequencies;partial_charges_NBO_or_RESP;standard_enthalpy_of_formation;multi_conformer_relative_energies,inventory_r152,mol_ahfmsndoycfeph-uhfffaoysa-n,FCCF,FCCF,mapped,mapped_by_seed_catalog,1,1,qreq_a593766a9030d410,qreq_fce696b354cb49b4,already_completed,already_completed,/home/ifs1/myDB/R-PhysGen-DB/data/raw/manual/quantum_pilot_artifacts/qreq_a593766a9030d410/xtbopt.xyz,
SUB004,R-152a,10,dft_homo_energy;dft_lumo_energy;dft_homo_lumo_gap;dft_dipole_moment;dft_polarizability;zero_point_energy;ir_vibrational_frequencies;partial_charges_NBO_or_RESP;standard_enthalpy_of_formation;multi_conformer_relative_energies,anchor_r152a,mol_npnpztnlovbdoc-uhfffaoysa-n,CC(F)F,CC(F)F,mapped,mapped_by_seed_catalog,1,1,qreq_c4e956b4882b3da9,qreq_1659e1fc485cd512,already_completed,already_completed,/home/ifs1/myDB/R-PhysGen-DB/data/raw/manual/quantum_pilot_artifacts/qreq_c4e956b4882b3da9/xtbopt.xyz,
SUB075,R-160,10,dft_homo_energy;dft_lumo_energy;dft_homo_lumo_gap;dft_dipole_moment;dft_polarizability;zero_point_energy;ir_vibrational_frequencies;partial_charges_NBO_or_RESP;standard_enthalpy_of_formation;multi_conformer_relative_energies,,,,,unmapped,no_seed_catalog_match,0,0,,,unmapped,unmapped,,no_seed_catalog_match
SUB099,R-161,10,dft_homo_energy;dft_lumo_energy;dft_homo_lumo_gap;dft_dipole_moment;dft_polarizability;zero_point_energy;ir_vibrational_frequencies;partial_charges_NBO_or_RESP;standard_enthalpy_of_formation;multi_conformer_relative_energies,seed_r161,mol_uhcbbwuqdavsms-uhfffaoysa-n,CCF,CCF,mapped,mapped_by_seed_catalog,1,1,qreq_3692175366022297,qreq_849ff07c9288156a,already_completed,already_completed,/home/ifs1/myDB/R-PhysGen-DB/data/raw/manual/quantum_pilot_artifacts/qreq_3692175366022297/xtbopt.xyz,
SUB026,R-170,10,dft_homo_energy;dft_lumo_energy;dft_homo_lumo_gap;dft_dipole_moment;dft_polarizability;zero_point_energy;ir_vibrational_frequencies;partial_charges_NBO_or_RESP;standard_enthalpy_of_formation;multi_conformer_relative_energies,seed_ethane,mol_otmsdbzupauedd-uhfffaoysa-n,CC,CC,mapped,mapped_by_seed_catalog,1,1,qreq_4e06eeb7fb36f82b,qreq_a3ccf14e44424f89,already_completed,already_completed,/home/ifs1/myDB/R-PhysGen-DB/data/raw/manual/quantum_pilot_artifacts/qreq_4e06eeb7fb36f82b/xtbopt.xyz,
SUB127,R-20,10,dft_homo_energy;dft_lumo_energy;dft_homo_lumo_gap;dft_dipole_moment;dft_polarizability;zero_point_energy;ir_vibrational_frequencies;partial_charges_NBO_or_RESP;standard_enthalpy_of_formation;multi_conformer_relative_energies,,,,,unmapped,no_seed_catalog_match,0,0,,,unmapped,unmapped,,no_seed_catalog_match
SUB046,R-21,10,dft_homo_energy;dft_lumo_energy;dft_homo_lumo_gap;dft_dipole_moment;dft_polarizability;zero_point_energy;ir_vibrational_frequencies;partial_charges_NBO_or_RESP;standard_enthalpy_of_formation;multi_conformer_relative_energies,seed_r21,mol_umnkxpulidjlsu-uhfffaoysa-n,FC(Cl)Cl,FC(Cl)Cl,mapped,mapped_by_seed_catalog,1,1,qreq_fc864a777b886ebe,qreq_7649b87c3ddeb346,already_completed,already_completed,/home/ifs1/myDB/R-PhysGen-DB/data/raw/manual/quantum_pilot_artifacts/qreq_fc864a777b886ebe/xtbopt.xyz,
SUB093,R-216ca,10,dft_homo_energy;dft_lumo_energy;dft_homo_lumo_gap;dft_dipole_moment;dft_polarizability;zero_point_energy;ir_vibrational_frequencies;partial_charges_NBO_or_RESP;standard_enthalpy_of_formation;multi_conformer_relative_energies,,,,,unmapped,no_seed_catalog_match,0,0,,,unmapped,unmapped,,no_seed_catalog_match
SUB053,R-218,10,dft_homo_energy;dft_lumo_energy;dft_homo_lumo_gap;dft_dipole_moment;dft_polarizability;zero_point_energy;ir_vibrational_frequencies;partial_charges_NBO_or_RESP;standard_enthalpy_of_formation;multi_conformer_relative_energies,seed_r218,mol_qysgyzvsczslht-uhfffaoysa-n,FC(F)(F)C(F)(F)C(F)(F)F,FC(F)(F)C(F)(F)C(F)(F)F,mapped,mapped_by_seed_catalog,1,1,qreq_030b1aa9a94d0f9f,qreq_1690c1491e9c9662,already_completed,already_completed,/home/ifs1/myDB/R-PhysGen-DB/data/raw/manual/quantum_pilot_artifacts/qreq_030b1aa9a94d0f9f/xtbopt.xyz,
SUB037,R-22,10,dft_homo_energy;dft_lumo_energy;dft_homo_lumo_gap;dft_dipole_moment;dft_polarizability;zero_point_energy;ir_vibrational_frequencies;partial_charges_NBO_or_RESP;standard_enthalpy_of_formation;multi_conformer_relative_energies,anchor_r22,mol_vopwnxzwbydodv-uhfffaoysa-n,FC(F)Cl,FC(F)Cl,mapped,mapped_by_seed_catalog,1,1,qreq_42936f2e8d47f97e,qreq_0504dcb42f7d61fe,already_completed,already_completed,/home/ifs1/myDB/R-PhysGen-DB/data/raw/manual/quantum_pilot_artifacts/qreq_42936f2e8d47f97e/xtbopt.xyz,
SUB018,R-227ea,10,dft_homo_energy;dft_lumo_energy;dft_homo_lumo_gap;dft_dipole_moment;dft_polarizability;zero_point_energy;ir_vibrational_frequencies;partial_charges_NBO_or_RESP;standard_enthalpy_of_formation;multi_conformer_relative_energies,anchor_r227ea,mol_yfmfnykeudldtl-uhfffaoysa-n,FC(C(F)(F)F)C(F)(F)F,FC(C(F)(F)F)C(F)(F)F,mapped,mapped_by_seed_catalog,1,1,qreq_7409b07997e96b1f,qreq_6c7effe7591df18d,already_completed,already_completed,/home/ifs1/myDB/R-PhysGen-DB/data/raw/manual/quantum_pilot_artifacts/qreq_7409b07997e96b1f/xtbopt.xyz,
SUB073,R-22B1,10,dft_homo_energy;dft_lumo_energy;dft_homo_lumo_gap;dft_dipole_moment;dft_polarizability;zero_point_energy;ir_vibrational_frequencies;partial_charges_NBO_or_RESP;standard_enthalpy_of_formation;multi_conformer_relative_energies,,,,,unmapped,no_seed_catalog_match,0,0,,,unmapped,unmapped,,no_seed_catalog_match
SUB015,R-23,10,dft_homo_energy;dft_lumo_energy;dft_homo_lumo_gap;dft_dipole_moment;dft_polarizability;zero_point_energy;ir_vibrational_frequencies;partial_charges_NBO_or_RESP;standard_enthalpy_of_formation;multi_conformer_relative_energies,anchor_r23,mol_xpdwgbqvdmorpb-uhfffaoysa-n,FC(F)F,FC(F)F,mapped,mapped_by_seed_catalog,1,1,qreq_95d9aae33b95135b,qreq_641c52bd85906d04,already_completed,already_completed,/home/ifs1/myDB/R-PhysGen-DB/data/raw/manual/quantum_pilot_artifacts/qreq_95d9aae33b95135b/xtbopt.xyz,
SUB019,R-236cb,10,dft_homo_energy;dft_lumo_energy;dft_homo_lumo_gap;dft_dipole_moment;dft_polarizability;zero_point_energy;ir_vibrational_frequencies;partial_charges_NBO_or_RESP;standard_enthalpy_of_formation;multi_conformer_relative_energies,,,,,unmapped,no_seed_catalog_match,0,0,,,unmapped,unmapped,,no_seed_catalog_match
SUB020,R-236ea,10,dft_homo_energy;dft_lumo_energy;dft_homo_lumo_gap;dft_dipole_moment;dft_polarizability;zero_point_energy;ir_vibrational_frequencies;partial_charges_NBO_or_RESP;standard_enthalpy_of_formation;multi_conformer_relative_energies,seed_r236ea,mol_fyirupztypildh-uhfffaoysa-n,FC(F)C(F)C(F)(F)F,FC(F)C(F)C(F)(F)F,mapped,mapped_by_seed_catalog,1,1,qreq_03721bb6b2f4c435,qreq_be14bda3b9853c21,already_completed,already_completed,/home/ifs1/myDB/R-PhysGen-DB/data/raw/manual/quantum_pilot_artifacts/qreq_03721bb6b2f4c435/xtbopt.xyz,
SUB021,R-236fa,10,dft_homo_energy;dft_lumo_energy;dft_homo_lumo_gap;dft_dipole_moment;dft_polarizability;zero_point_energy;ir_vibrational_frequencies;partial_charges_NBO_or_RESP;standard_enthalpy_of_formation;multi_conformer_relative_energies,anchor_r236fa,mol_nsgxibwmjzwtpy-uhfffaoysa-n,FC(F)(F)CC(F)(F)F,FC(F)(F)CC(F)(F)F,mapped,mapped_by_seed_catalog,1,1,qreq_7dedcb23dc4b48ce,qreq_05f130e0a65ce18c,already_completed,already_completed,/home/ifs1/myDB/R-PhysGen-DB/data/raw/manual/quantum_pilot_artifacts/qreq_7dedcb23dc4b48ce/xtbopt.xyz,
SUB022,R-245ca,10,dft_homo_energy;dft_lumo_energy;dft_homo_lumo_gap;dft_dipole_moment;dft_polarizability;zero_point_energy;ir_vibrational_frequencies;partial_charges_NBO_or_RESP;standard_enthalpy_of_formation;multi_conformer_relative_energies,seed_r245ca,mol_awtofsdlnreifs-uhfffaoysa-n,FCC(F)(F)C(F)F,FCC(F)(F)C(F)F,mapped,mapped_by_seed_catalog,1,1,qreq_2d80adc47a5db8a9,qreq_353659ea2038ff9d,already_completed,already_completed,/home/ifs1/myDB/R-PhysGen-DB/data/raw/manual/quantum_pilot_artifacts/qreq_2d80adc47a5db8a9/xtbopt.xyz,
SUB109,R-245cb,10,dft_homo_energy;dft_lumo_energy;dft_homo_lumo_gap;dft_dipole_moment;dft_polarizability;zero_point_energy;ir_vibrational_frequencies;partial_charges_NBO_or_RESP;standard_enthalpy_of_formation;multi_conformer_relative_energies,,,,,unmapped,no_seed_catalog_match,0,0,,,unmapped,unmapped,,no_seed_catalog_match
SUB023,R-245fa,10,dft_homo_energy;dft_lumo_energy;dft_homo_lumo_gap;dft_dipole_moment;dft_polarizability;zero_point_energy;ir_vibrational_frequencies;partial_charges_NBO_or_RESP;standard_enthalpy_of_formation;multi_conformer_relative_energies,anchor_r245fa,mol_mssnhsvigihoja-uhfffaoysa-n,FC(F)CC(F)(F)F,FC(F)CC(F)(F)F,mapped,mapped_by_seed_catalog,1,1,qreq_2468622b8566b7a8,qreq_4869cfa2de69d73e,already_completed,already_completed,/home/ifs1/myDB/R-PhysGen-DB/data/raw/manual/quantum_pilot_artifacts/qreq_2468622b8566b7a8/xtbopt.xyz,
SUB005,R-290,10,dft_homo_energy;dft_lumo_energy;dft_homo_lumo_gap;dft_dipole_moment;dft_polarizability;zero_point_energy;ir_vibrational_frequencies;partial_charges_NBO_or_RESP;standard_enthalpy_of_formation;multi_conformer_relative_energies,anchor_r290,mol_atuoywhbwrkthz-uhfffaoysa-n,CCC,CCC,mapped,mapped_by_seed_catalog,1,1,qreq_3fc552e219566122,qreq_68d1cd0a60ea47d1,already_completed,already_completed,/home/ifs1/myDB/R-PhysGen-DB/data/raw/manual/quantum_pilot_artifacts/qreq_3fc552e219566122/xtbopt.xyz,
SUB047,R-30,10,dft_homo_energy;dft_lumo_energy;dft_homo_lumo_gap;dft_dipole_moment;dft_polarizability;zero_point_energy;ir_vibrational_frequencies;partial_charges_NBO_or_RESP;standard_enthalpy_of_formation;multi_conformer_relative_energies,,,,,unmapped,no_seed_catalog_match,0,0,,,unmapped,unmapped,,no_seed_catalog_match
SUB048,R-31,10,dft_homo_energy;dft_lumo_energy;dft_homo_lumo_gap;dft_dipole_moment;dft_polarizability;zero_point_energy;ir_vibrational_frequencies;partial_charges_NBO_or_RESP;standard_enthalpy_of_formation;multi_conformer_relative_energies,,,,,unmapped,no_seed_catalog_match,0,0,,,unmapped,unmapped,,no_seed_catalog_match
SUB001,R-32,10,dft_homo_energy;dft_lumo_energy;dft_homo_lumo_gap;dft_dipole_moment;dft_polarizability;zero_point_energy;ir_vibrational_frequencies;partial_charges_NBO_or_RESP;standard_enthalpy_of_formation;multi_conformer_relative_energies,anchor_r32,mol_rwriwbaiicgttq-uhfffaoysa-n,FCF,FCF,mapped,mapped_by_seed_catalog,1,1,qreq_1721dd29a5f82ba7,qreq_06e4e72d49c0c872,already_completed,already_completed,/home/ifs1/myDB/R-PhysGen-DB/data/raw/manual/quantum_pilot_artifacts/qreq_1721dd29a5f82ba7/xtbopt.xyz,
SUB024,R-365mfc,10,dft_homo_energy;dft_lumo_energy;dft_homo_lumo_gap;dft_dipole_moment;dft_polarizability;zero_point_energy;ir_vibrational_frequencies;partial_charges_NBO_or_RESP;standard_enthalpy_of_formation;multi_conformer_relative_energies,anchor_r365mfc,mol_wzlfpvprzgtckp-uhfffaoysa-n,CC(F)(F)CC(F)(F)F,CC(F)(F)CC(F)(F)F,mapped,mapped_by_seed_catalog,1,1,qreq_258ae6cf1f745439,qreq_90d42e554321c3c5,already_completed,already_completed,/home/ifs1/myDB/R-PhysGen-DB/data/raw/manual/quantum_pilot_artifacts/qreq_258ae6cf1f745439/xtbopt.xyz,
SUB049,R-40,10,dft_homo_energy;dft_lumo_energy;dft_homo_lumo_gap;dft_dipole_moment;dft_polarizability;zero_point_energy;ir_vibrational_frequencies;partial_charges_NBO_or_RESP;standard_enthalpy_of_formation;multi_conformer_relative_energies,seed_r40,mol_nehmkbqyuwjmip-uhfffaoysa-n,CCl,CCl,mapped,mapped_by_seed_catalog,1,1,qreq_995eb861bf73a8d0,qreq_a5f1a85877a03bb6,already_completed,already_completed,/home/ifs1/myDB/R-PhysGen-DB/data/raw/manual/quantum_pilot_artifacts/qreq_995eb861bf73a8d0/xtbopt.xyz,
SUB016,R-41,10,dft_homo_energy;dft_lumo_energy;dft_homo_lumo_gap;dft_dipole_moment;dft_polarizability;zero_point_energy;ir_vibrational_frequencies;partial_charges_NBO_or_RESP;standard_enthalpy_of_formation;multi_conformer_relative_energies,anchor_r41,mol_nbvxsuqywxrmnv-uhfffaoysa-n,CF,CF,mapped,mapped_by_seed_catalog,1,1,qreq_2968e9ed041dc5df,qreq_2b3b2eb4f83a9718,already_completed,already_completed,/home/ifs1/myDB/R-PhysGen-DB/data/raw/manual/quantum_pilot_artifacts/qreq_2968e9ed041dc5df/xtbopt.xyz,
SUB025,R-43-10mee,10,dft_homo_energy;dft_lumo_energy;dft_homo_lumo_gap;dft_dipole_moment;dft_polarizability;zero_point_energy;ir_vibrational_frequencies;partial_charges_NBO_or_RESP;standard_enthalpy_of_formation;multi_conformer_relative_energies,,,,,unmapped,no_seed_catalog_match,0,0,,,unmapped,unmapped,,no_seed_catalog_match
SUB050,R-50,10,dft_homo_energy;dft_lumo_energy;dft_homo_lumo_gap;dft_dipole_moment;dft_polarizability;zero_point_energy;ir_vibrational_frequencies;partial_charges_NBO_or_RESP;standard_enthalpy_of_formation;multi_conformer_relative_energies,seed_methane,mol_vnwktokethgbqd-uhfffaoysa-n,C,C,mapped,mapped_by_seed_catalog,1,1,qreq_4bc62fd46818553d,qreq_ab55ed2af0b7e18b,already_completed,already_completed,/home/ifs1/myDB/R-PhysGen-DB/data/raw/manual/quantum_pilot_artifacts/qreq_4bc62fd46818553d/xtbopt.xyz,
SUB027,R-600,10,dft_homo_energy;dft_lumo_energy;dft_homo_lumo_gap;dft_dipole_moment;dft_polarizability;zero_point_energy;ir_vibrational_frequencies;partial_charges_NBO_or_RESP;standard_enthalpy_of_formation;multi_conformer_relative_energies,anchor_r600,mol_ijdnqmdrqiteod-uhfffaoysa-n,CCCC,CCCC,mapped,mapped_by_seed_catalog,1,1,qreq_50716528fb85b3e3,qreq_0755828a1e45cbc6,already_completed,already_completed,/home/ifs1/myDB/R-PhysGen-DB/data/raw/manual/quantum_pilot_artifacts/qreq_50716528fb85b3e3/xtbopt.xyz,
SUB006,R-600a,10,dft_homo_energy;dft_lumo_energy;dft_homo_lumo_gap;dft_dipole_moment;dft_polarizability;zero_point_energy;ir_vibrational_frequencies;partial_charges_NBO_or_RESP;standard_enthalpy_of_formation;multi_conformer_relative_energies,anchor_r600a,mol_nnppmtnajdcuhe-uhfffaoysa-n,CC(C)C,CC(C)C,mapped,mapped_by_seed_catalog,1,1,qreq_4a7c35fb99f5cd54,qreq_202e917a09a42252,already_completed,already_completed,/home/ifs1/myDB/R-PhysGen-DB/data/raw/manual/quantum_pilot_artifacts/qreq_4a7c35fb99f5cd54/xtbopt.xyz,
SUB055,R-601,10,dft_homo_energy;dft_lumo_energy;dft_homo_lumo_gap;dft_dipole_moment;dft_polarizability;zero_point_energy;ir_vibrational_frequencies;partial_charges_NBO_or_RESP;standard_enthalpy_of_formation;multi_conformer_relative_energies,,,,,unmapped,no_seed_catalog_match,0,0,,,unmapped,unmapped,,no_seed_catalog_match
SUB028,R-601a,10,dft_homo_energy;dft_lumo_energy;dft_homo_lumo_gap;dft_dipole_moment;dft_polarizability;zero_point_energy;ir_vibrational_frequencies;partial_charges_NBO_or_RESP;standard_enthalpy_of_formation;multi_conformer_relative_energies,,,,,unmapped,no_seed_catalog_match,0,0,,,unmapped,unmapped,,no_seed_catalog_match
SUB056,R-610,10,dft_homo_energy;dft_lumo_energy;dft_homo_lumo_gap;dft_dipole_moment;dft_polarizability;zero_point_energy;ir_vibrational_frequencies;partial_charges_NBO_or_RESP;standard_enthalpy_of_formation;multi_conformer_relative_energies,,,,,unmapped,no_seed_catalog_match,0,0,,,unmapped,unmapped,,no_seed_catalog_match
SUB057,R-611,10,dft_homo_energy;dft_lumo_energy;dft_homo_lumo_gap;dft_dipole_moment;dft_polarizability;zero_point_energy;ir_vibrational_frequencies;partial_charges_NBO_or_RESP;standard_enthalpy_of_formation;multi_conformer_relative_energies,inventory_r611,mol_tzihfwkzfhzasv-uhfffaoysa-n,COC=O,COC=O,mapped,mapped_by_seed_catalog,1,1,qreq_62d1e6a2653503dc,qreq_59932a8c05cc7b53,already_completed,already_completed,/home/ifs1/myDB/R-PhysGen-DB/data/raw/manual/quantum_pilot_artifacts/qreq_62d1e6a2653503dc/xtbopt.xyz,
SUB058,R-630,10,dft_homo_energy;dft_lumo_energy;dft_homo_lumo_gap;dft_dipole_moment;dft_polarizability;zero_point_energy;ir_vibrational_frequencies;partial_charges_NBO_or_RESP;standard_enthalpy_of_formation;multi_conformer_relative_energies,,,,,unmapped,no_seed_catalog_match,0,0,,,unmapped,unmapped,,no_seed_catalog_match
SUB059,R-631,10,dft_homo_energy;dft_lumo_energy;dft_homo_lumo_gap;dft_dipole_moment;dft_polarizability;zero_point_energy;ir_vibrational_frequencies;partial_charges_NBO_or_RESP;standard_enthalpy_of_formation;multi_conformer_relative_energies,,,,,unmapped,no_seed_catalog_match,0,0,,,unmapped,unmapped,,no_seed_catalog_match
SUB060,R-702,10,dft_homo_energy;dft_lumo_energy;dft_homo_lumo_gap;dft_dipole_moment;dft_polarizability;zero_point_energy;ir_vibrational_frequencies;partial_charges_NBO_or_RESP;standard_enthalpy_of_formation;multi_conformer_relative_energies,seed_hydrogen,mol_ufhflcqgniynrp-uhfffaoysa-n,[HH],[HH],mapped,mapped_by_seed_catalog,1,1,qreq_604b490c1ec2a355,qreq_887fe8b2980a712d,already_completed,already_completed,/home/ifs1/myDB/R-PhysGen-DB/data/raw/manual/quantum_pilot_artifacts/qreq_604b490c1ec2a355/xtbopt.xyz,
SUB061,R-704,10,dft_homo_energy;dft_lumo_energy;dft_homo_lumo_gap;dft_dipole_moment;dft_polarizability;zero_point_energy;ir_vibrational_frequencies;partial_charges_NBO_or_RESP;standard_enthalpy_of_formation;multi_conformer_relative_energies,seed_helium,mol_swqjxjoglnczey-uhfffaoysa-n,[He],[He],mapped,mapped_by_seed_catalog,1,1,qreq_10785462c7c9d313,qreq_68d2bbb0eb5be7da,already_completed,already_completed,/home/ifs1/myDB/R-PhysGen-DB/data/raw/manual/quantum_pilot_artifacts/qreq_10785462c7c9d313/xtbopt.xyz,
SUB007,R-717,10,dft_homo_energy;dft_lumo_energy;dft_homo_lumo_gap;dft_dipole_moment;dft_polarizability;zero_point_energy;ir_vibrational_frequencies;partial_charges_NBO_or_RESP;standard_enthalpy_of_formation;multi_conformer_relative_energies,anchor_r717,mol_qgzkdvfqnngyky-uhfffaoysa-n,N,N,mapped,mapped_by_seed_catalog,1,1,qreq_4285e60aee658f6d,qreq_129c84ec9eda3e56,already_completed,already_completed,/home/ifs1/myDB/R-PhysGen-DB/data/raw/manual/quantum_pilot_artifacts/qreq_4285e60aee658f6d/xtbopt.xyz,
SUB062,R-718,10,dft_homo_energy;dft_lumo_energy;dft_homo_lumo_gap;dft_dipole_moment;dft_polarizability;zero_point_energy;ir_vibrational_frequencies;partial_charges_NBO_or_RESP;standard_enthalpy_of_formation;multi_conformer_relative_energies,anchor_r718,mol_xlyofnoqvpjjnp-uhfffaoysa-n,O,O,mapped,mapped_by_seed_catalog,1,1,qreq_3eb0bfdad3405c1f,qreq_1fd44e958e55cdbb,already_completed,already_completed,/home/ifs1/myDB/R-PhysGen-DB/data/raw/manual/quantum_pilot_artifacts/qreq_3eb0bfdad3405c1f/xtbopt.xyz,
SUB063,R-720,10,dft_homo_energy;dft_lumo_energy;dft_homo_lumo_gap;dft_dipole_moment;dft_polarizability;zero_point_energy;ir_vibrational_frequencies;partial_charges_NBO_or_RESP;standard_enthalpy_of_formation;multi_conformer_relative_energies,seed_neon,mol_gkaogpiiycishv-uhfffaoysa-n,[Ne],[Ne],mapped,mapped_by_seed_catalog,1,1,qreq_195360bfb8d39ca5,qreq_32f137de422f887e,already_completed,already_completed,/home/ifs1/myDB/R-PhysGen-DB/data/raw/manual/quantum_pilot_artifacts/qreq_195360bfb8d39ca5/xtbopt.xyz,
SUB064,R-728,10,dft_homo_energy;dft_lumo_energy;dft_homo_lumo_gap;dft_dipole_moment;dft_polarizability;zero_point_energy;ir_vibrational_frequencies;partial_charges_NBO_or_RESP;standard_enthalpy_of_formation;multi_conformer_relative_energies,seed_nitrogen,mol_ijgrmhoshxdmsa-uhfffaoysa-n,N#N,N#N,mapped,mapped_by_seed_catalog,1,1,qreq_2bb701254a8634bc,qreq_d9d5fc7e44aedfa9,already_completed,already_completed,/home/ifs1/myDB/R-PhysGen-DB/data/raw/manual/quantum_pilot_artifacts/qreq_2bb701254a8634bc/xtbopt.xyz,
SUB065,R-732,10,dft_homo_energy;dft_lumo_energy;dft_homo_lumo_gap;dft_dipole_moment;dft_polarizability;zero_point_energy;ir_vibrational_frequencies;partial_charges_NBO_or_RESP;standard_enthalpy_of_formation;multi_conformer_relative_energies,seed_oxygen,mol_mymofizgzyhomd-uhfffaoysa-n,O=O,O=O,mapped,mapped_by_seed_catalog,1,1,qreq_a28744f46b82c10c,qreq_6cd83af16e7e2ba8,already_completed,already_completed,/home/ifs1/myDB/R-PhysGen-DB/data/raw/manual/quantum_pilot_artifacts/qreq_a28744f46b82c10c/xtbopt.xyz,
SUB066,R-740,10,dft_homo_energy;dft_lumo_energy;dft_homo_lumo_gap;dft_dipole_moment;dft_polarizability;zero_point_energy;ir_vibrational_frequencies;partial_charges_NBO_or_RESP;standard_enthalpy_of_formation;multi_conformer_relative_energies,seed_argon,mol_xkrfyhlgvusroy-uhfffaoysa-n,[Ar],[Ar],mapped,mapped_by_seed_catalog,1,1,qreq_30477401480e461b,qreq_308cf1bb77aa2326,already_completed,already_completed,/home/ifs1/myDB/R-PhysGen-DB/data/raw/manual/quantum_pilot_artifacts/qreq_30477401480e461b/xtbopt.xyz,
SUB008,R-744,10,dft_homo_energy;dft_lumo_energy;dft_homo_lumo_gap;dft_dipole_moment;dft_polarizability;zero_point_energy;ir_vibrational_frequencies;partial_charges_NBO_or_RESP;standard_enthalpy_of_formation;multi_conformer_relative_energies,anchor_r744,mol_curltugmzlyldi-uhfffaoysa-n,O=C=O,O=C=O,mapped,mapped_by_seed_catalog,1,1,qreq_f5d93b2299966701,qreq_01f4ee234ccbcb78,already_completed,already_completed,/home/ifs1/myDB/R-PhysGen-DB/data/raw/manual/quantum_pilot_artifacts/qreq_f5d93b2299966701/xtbopt.xyz,
SUB067,R-744A,10,dft_homo_energy;dft_lumo_energy;dft_homo_lumo_gap;dft_dipole_moment;dft_polarizability;zero_point_energy;ir_vibrational_frequencies;partial_charges_NBO_or_RESP;standard_enthalpy_of_formation;multi_conformer_relative_energies,seed_nitrousoxide,mol_gqplmrytrlflpf-uhfffaoysa-n,[N-]=[N+]=O,[N-]=[N+]=O,mapped,mapped_by_seed_catalog,1,1,qreq_a0882ffcd89786cb,qreq_0fafe75ab867a7ce,already_completed,already_completed,/home/ifs1/myDB/R-PhysGen-DB/data/raw/manual/quantum_pilot_artifacts/qreq_a0882ffcd89786cb/xtbopt.xyz,
SUB068,R-764,10,dft_homo_energy;dft_lumo_energy;dft_homo_lumo_gap;dft_dipole_moment;dft_polarizability;zero_point_energy;ir_vibrational_frequencies;partial_charges_NBO_or_RESP;standard_enthalpy_of_formation;multi_conformer_relative_energies,seed_sulfurdioxide,mol_rahzwnyvwxnfoc-uhfffaoysa-n,O=S=O,O=S=O,mapped,mapped_by_seed_catalog,1,1,qreq_f21d10a38d15d534,qreq_8e091a7b83eda4b1,already_completed,already_completed,/home/ifs1/myDB/R-PhysGen-DB/data/raw/manual/quantum_pilot_artifacts/qreq_f21d10a38d15d534/xtbopt.xyz,
SUB092,R-C316,10,dft_homo_energy;dft_lumo_energy;dft_homo_lumo_gap;dft_dipole_moment;dft_polarizability;zero_point_energy;ir_vibrational_frequencies;partial_charges_NBO_or_RESP;standard_enthalpy_of_formation;multi_conformer_relative_energies,,,,,unmapped,no_seed_catalog_match,0,0,,,unmapped,unmapped,,no_seed_catalog_match
SUB054,R-C318,10,dft_homo_energy;dft_lumo_energy;dft_homo_lumo_gap;dft_dipole_moment;dft_polarizability;zero_point_energy;ir_vibrational_frequencies;partial_charges_NBO_or_RESP;standard_enthalpy_of_formation;multi_conformer_relative_energies,,,,,unmapped,no_seed_catalog_match,0,0,,,unmapped,unmapped,,no_seed_catalog_match
SUB132,R-E125,10,dft_homo_energy;dft_lumo_energy;dft_homo_lumo_gap;dft_dipole_moment;dft_polarizability;zero_point_energy;ir_vibrational_frequencies;partial_charges_NBO_or_RESP;standard_enthalpy_of_formation;multi_conformer_relative_energies,,,,,unmapped,no_seed_catalog_match,0,0,,,unmapped,unmapped,,no_seed_catalog_match
SUB072,R-E134,10,dft_homo_energy;dft_lumo_energy;dft_homo_lumo_gap;dft_dipole_moment;dft_polarizability;zero_point_energy;ir_vibrational_frequencies;partial_charges_NBO_or_RESP;standard_enthalpy_of_formation;multi_conformer_relative_energies,,,,,unmapped,no_seed_catalog_match,0,0,,,unmapped,unmapped,,no_seed_catalog_match
SUB105,R-E143a,10,dft_homo_energy;dft_lumo_energy;dft_homo_lumo_gap;dft_dipole_moment;dft_polarizability;zero_point_energy;ir_vibrational_frequencies;partial_charges_NBO_or_RESP;standard_enthalpy_of_formation;multi_conformer_relative_energies,,,,,unmapped,no_seed_catalog_match,0,0,,,unmapped,unmapped,,no_seed_catalog_match
SUB052,R-E170,10,dft_homo_energy;dft_lumo_energy;dft_homo_lumo_gap;dft_dipole_moment;dft_polarizability;zero_point_energy;ir_vibrational_frequencies;partial_charges_NBO_or_RESP;standard_enthalpy_of_formation;multi_conformer_relative_energies,,,,,unmapped,no_seed_catalog_match,0,0,,,unmapped,unmapped,,no_seed_catalog_match
SUB133,R-E227ca1,10,dft_homo_energy;dft_lumo_energy;dft_homo_lumo_gap;dft_dipole_moment;dft_polarizability;zero_point_energy;ir_vibrational_frequencies;partial_charges_NBO_or_RESP;standard_enthalpy_of_formation;multi_conformer_relative_energies,,,,,unmapped,no_seed_catalog_match,0,0,,,unmapped,unmapped,,no_seed_catalog_match
SUB134,R-E227ea1,10,dft_homo_energy;dft_lumo_energy;dft_homo_lumo_gap;dft_dipole_moment;dft_polarizability;zero_point_energy;ir_vibrational_frequencies;partial_charges_NBO_or_RESP;standard_enthalpy_of_formation;multi_conformer_relative_energies,,,,,unmapped,no_seed_catalog_match,0,0,,,unmapped,unmapped,,no_seed_catalog_match
SUB118,R-E236ea2,10,dft_homo_energy;dft_lumo_energy;dft_homo_lumo_gap;dft_dipole_moment;dft_polarizability;zero_point_energy;ir_vibrational_frequencies;partial_charges_NBO_or_RESP;standard_enthalpy_of_formation;multi_conformer_relative_energies,,,,,unmapped,no_seed_catalog_match,0,0,,,unmapped,unmapped,,no_seed_catalog_match
SUB098,R-E245ca1,10,dft_homo_energy;dft_lumo_energy;dft_homo_lumo_gap;dft_dipole_moment;dft_polarizability;zero_point_energy;ir_vibrational_frequencies;partial_charges_NBO_or_RESP;standard_enthalpy_of_formation;multi_conformer_relative_energies,,,,,unmapped,no_seed_catalog_match,0,0,,,unmapped,unmapped,,no_seed_catalog_match
SUB103,R-E245cb2,10,dft_homo_energy;dft_lumo_energy;dft_homo_lumo_gap;dft_dipole_moment;dft_polarizability;zero_point_energy;ir_vibrational_frequencies;partial_charges_NBO_or_RESP;standard_enthalpy_of_formation;multi_conformer_relative_energies,,,,,unmapped,no_seed_catalog_match,0,0,,,unmapped,unmapped,,no_seed_catalog_match
SUB097,R-E245fa2,10,dft_homo_energy;dft_lumo_energy;dft_homo_lumo_gap;dft_dipole_moment;dft_polarizability;zero_point_energy;ir_vibrational_frequencies;partial_charges_NBO_or_RESP;standard_enthalpy_of_formation;multi_conformer_relative_energies,,,,,unmapped,no_seed_catalog_match,0,0,,,unmapped,unmapped,,no_seed_catalog_match
SUB104,R-E254cb2,10,dft_homo_energy;dft_lumo_energy;dft_homo_lumo_gap;dft_dipole_moment;dft_polarizability;zero_point_energy;ir_vibrational_frequencies;partial_charges_NBO_or_RESP;standard_enthalpy_of_formation;multi_conformer_relative_energies,,,,,unmapped,no_seed_catalog_match,0,0,,,unmapped,unmapped,,no_seed_catalog_match
SUB130,R-E263fb2,10,dft_homo_energy;dft_lumo_energy;dft_homo_lumo_gap;dft_dipole_moment;dft_polarizability;zero_point_energy;ir_vibrational_frequencies;partial_charges_NBO_or_RESP;standard_enthalpy_of_formation;multi_conformer_relative_energies,,,,,unmapped,no_seed_catalog_match,0,0,,,unmapped,unmapped,,no_seed_catalog_match
SUB101,R-E347mcc3,10,dft_homo_energy;dft_lumo_energy;dft_homo_lumo_gap;dft_dipole_moment;dft_polarizability;zero_point_energy;ir_vibrational_frequencies;partial_charges_NBO_or_RESP;standard_enthalpy_of_formation;multi_conformer_relative_energies,,,,,unmapped,no_seed_catalog_match,0,0,,,unmapped,unmapped,,no_seed_catalog_match
SUB110,R-E347mmy1,10,dft_homo_energy;dft_lumo_energy;dft_homo_lumo_gap;dft_dipole_moment;dft_polarizability;zero_point_energy;ir_vibrational_frequencies;partial_charges_NBO_or_RESP;standard_enthalpy_of_formation;multi_conformer_relative_energies,,,,,unmapped,no_seed_catalog_match,0,0,,,unmapped,unmapped,,no_seed_catalog_match
